loaded 5707 tweets, 3068 missing parents to fetch
[1/3068] ok 1789068691507945978
[2/3068] ok 1839212398546399329
[3/3068] ok 1854850374873891151
[4/3068] ok 1865524518464446513
[5/3068] ok 1866889544299319606
[6/3068] ok 1866903295031382125
[7/3068] ok 1866908987855343843
[8/3068] ok 1866910644710281325
[9/3068] ok 1866911246894645570
[10/3068] ok 1866911694993174880
[11/3068] ok 1866911992474169754
[12/3068] ok 1866912190898508051
[13/3068] ok 1866912405579546779
[14/3068] ok 1866912831536500751
[15/3068] none 1866920360140316902
[16/3068] ok 1867211586458550278
[17/3068] ok 1867219521368723780
[18/3068] ok 1867222423872917816
[19/3068] ok 1867248098650820852
[20/3068] ok 1867269488816591201
[21/3068] ok 1867270434649256411
[22/3068] ok 1867271442112688504
[23/3068] ok 1867271555644109175
[24/3068] ok 1867443750932558172
[25/3068] ok 1867603932970692859
[26/3068] ok 1867616718300098950
[27/3068] ok 1867656170015748483
[28/3068] ok 1867745748118544411
[29/3068] ok 1867747382643077281
[30/3068] ok 1867749393480528185
[31/3068] ok 1867752436259311827
[32/3068] ok 1867752651083100496
[33/3068] ok 1867753459099086897
[34/3068] ok 1867754838098161865
[35/3068] ok 1867761505812590621
[36/3068] ok 1867763013136101792
[37/3068] ok 1867763899313140085
[38/3068] ok 1867767721418797375
[39/3068] ok 1867886099923931478
[40/3068] ok 1867998285593801006
[41/3068] ok 1868017920066089072
[42/3068] ok 1868018626722480144
[43/3068] ok 1868018829542277243
[44/3068] ok 1868019094227955840
[45/3068] ok 1868020209589932175
--- saved checkpoint: 44 parents total ---
[46/3068] ok 1868026427905613958
[47/3068] ok 1868043237711122803
[48/3068] none 1868048272402915651
[49/3068] none 1868050048002806236
[50/3068] ok 1868146906121347502
[51/3068] ok 1868431790400287202
[52/3068] ok 1868753471367004184
[53/3068] ok 1868754711375233366
[54/3068] ok 1868755008378093831
[55/3068] ok 1868791154395038038
[56/3068] ok 1868791768864768054
[57/3068] ok 1868792825456083145
[58/3068] ok 1868867387652714522
[59/3068] ok 1868868185438798172
[60/3068] ok 1868868404008173969
[61/3068] ok 1868869708042436630
[62/3068] ok 1868871262405374348
[63/3068] ok 1869025726441341351
[64/3068] ok 1869040174367494493
[65/3068] ok 1869041238948872418
[66/3068] ok 1869238016809820197
[67/3068] ok 1869238767179202669
[68/3068] ok 1869239858197315921
[69/3068] ok 1869245260611940667
[70/3068] ok 1869246181794295887
[71/3068] ok 1869247659388887499
[72/3068] ok 1869250740499402854
[73/3068] ok 1869251015977124195
[74/3068] ok 1869251414809264607
[75/3068] ok 1869269601454027242
[76/3068] ok 1869270874010030484
[77/3068] ok 1869292121485922723
[78/3068] ok 1869292996803567918
[79/3068] none 1869295416875024839
[80/3068] ok 1869297364282065114
[81/3068] none 1869300076709138472
[82/3068] ok 1869301579616248288
[83/3068] ok 1869618552858390819
[84/3068] ok 1869829744973492298
[85/3068] ok 1869832761038778428
[86/3068] none 1869834603206455532
[87/3068] none 1869835809815155124
[88/3068] ok 1869844401805205637
[89/3068] ok 1869870058257690931
[90/3068] ok 1869870841590161562
--- saved checkpoint: 83 parents total ---
[91/3068] ok 1870293826822148109
[92/3068] ok 1870301069676273823
[93/3068] ok 1870301108863893814
[94/3068] ok 1871962278289154057
[95/3068] ok 1871989778482389461
[96/3068] ok 1872392053339959620
[97/3068] ok 1872597478467674299
[98/3068] ok 1872692281775669463
[99/3068] ok 1873771341008298291
[100/3068] ok 1873773437661176204
[101/3068] ok 1873775204092305804
[102/3068] ok 1873778302927987176
[103/3068] ok 1873781776403083517
[104/3068] ok 1873862813573407239
2026-09-04 09:42:21.728 | INFO     | twscrape.accounts_pool:get_for_queue_or_wait:362 - No account available for queue "TweetDetail". Next available at 09:53:19
2026-09-04 09:53:23.295 | INFO     | twscrape.accounts_pool:get_for_queue_or_wait:333 - Continuing with account tinygrad_adhoc on queue TweetDetail
[105/3068] ok 1873864322352635981
[106/3068] ok 1873924246260375664
[107/3068] ok 1874620553878962331
[108/3068] ok 1874744302359965741
[109/3068] ok 1876484153774158308
[110/3068] ok 1876492170565415339
[111/3068] ok 1876642500989145245
[112/3068] ok 1876643134924615821
[113/3068] ok 1876643412239409391
[114/3068] ok 1876643591118061993
[115/3068] ok 1876643629587988859
[116/3068] ok 1876644350949732610
[117/3068] ok 1876644628008435810
[118/3068] ok 1876645239399608669
[119/3068] ok 1876646889350996111
[120/3068] ok 1876648300067307636
[121/3068] ok 1876649817234886897
[122/3068] ok 1876650154687975548
[123/3068] ok 1876650571303948433
[124/3068] ok 1877846383673176408
[125/3068] ok 1877846708245119349
[126/3068] none 1877847252682555617
[127/3068] ok 1877847914338197825
[128/3068] ok 1877848283638321662
[129/3068] ok 1877848689756053722
[130/3068] ok 1877848770332758286
[131/3068] ok 1877850295905993056
[132/3068] none 1878261378433139115
[133/3068] none 1878357043825795539
[134/3068] ok 1878495408944537999
[135/3068] ok 1878502311678341140
--- saved checkpoint: 125 parents total ---
[136/3068] ok 1879223172714860941
[137/3068] ok 1879333687940268280
[138/3068] ok 1879525306924736958
[139/3068] ok 1879557727455957322
[140/3068] ok 1879557936642773344
[141/3068] ok 1879558752657084857
[142/3068] ok 1879571057012793480
[143/3068] none 1879590407484698933
[144/3068] ok 1879596124031590805
[145/3068] ok 1879598498880078078
[146/3068] ok 1879599857419370971
[147/3068] ok 1879600014961582370
[148/3068] ok 1879600331279229330
[149/3068] ok 1879600490012721300
[150/3068] ok 1879600559516520683
[151/3068] ok 1879600906372886874
[152/3068] ok 1879611900864180727
[153/3068] ok 1879615107338260613
[154/3068] ok 1879615316378198516
[155/3068] ok 1879616540540272685
[156/3068] none 1879616555232972907
[157/3068] ok 1879617208554582062
[158/3068] ok 1879617635874431167
[159/3068] none 1879618166776869221
[160/3068] ok 1879618856572137554
[161/3068] ok 1879619283443163260
[162/3068] ok 1879620212414402756
[163/3068] ok 1879620834169622688
[164/3068] ok 1879621527282630997
[165/3068] ok 1879623574300037438
[166/3068] ok 1879647501701292270
[167/3068] ok 1879672346023428380
[168/3068] ok 1879710032377618849
[169/3068] ok 1879743576260907023
[170/3068] ok 1879744170879045865
[171/3068] ok 1879765266109980806
[172/3068] ok 1879928738886070290
[173/3068] ok 1879968536111788296
[174/3068] ok 1879968851137556681
[175/3068] ok 1880035602000691530
[176/3068] ok 1880037695646478518
[177/3068] ok 1880038948334096407
[178/3068] ok 1880039414807818475
[179/3068] ok 1880040501946249310
[180/3068] ok 1880042080913011155
--- saved checkpoint: 167 parents total ---
[181/3068] ok 1880042460233232628
[182/3068] ok 1880042623752368499
[183/3068] ok 1880043270182691148
[184/3068] ok 1880043417272832088
[185/3068] ok 1880043757204357443
[186/3068] ok 1880044270603936149
[187/3068] ok 1880044509486281220
[188/3068] ok 1880044673269657906
[189/3068] ok 1880044961938481317
[190/3068] ok 1880045801512267838
[191/3068] ok 1880077435531850016
[192/3068] ok 1880079260880367653
[193/3068] ok 1880330382996111812
[194/3068] ok 1880342754913579395
[195/3068] ok 1880374399775420903
[196/3068] ok 1880375472317706452
[197/3068] ok 1880384044728480206
[198/3068] ok 1880413745828319518
[199/3068] ok 1880416318257787364
[200/3068] ok 1881055521693946152
[201/3068] ok 1881575065705492856
[202/3068] ok 1881575377841373403
[203/3068] ok 1882218019054629027
[204/3068] ok 1882218428012151212
[205/3068] none 1882218915344118142
[206/3068] ok 1882315808220856511
[207/3068] ok 1882530864447574350
[208/3068] ok 1882532248655995114
[209/3068] ok 1882667629674180618
[210/3068] ok 1884033555376005554
[211/3068] ok 1884037208446759300
[212/3068] ok 1884282215691083849
[213/3068] none 1884414667503853749
[214/3068] ok 1884718934621892715
[215/3068] ok 1884760251637137877
[216/3068] ok 1884760877271838920
[217/3068] ok 1885034918163439703
[218/3068] ok 1885159640284995940
[219/3068] ok 1885171125887361079
[220/3068] ok 1885588961177067621
[221/3068] ok 1886429714010505285
[222/3068] ok 1887296295175618946
[223/3068] ok 1887446369625121008
[224/3068] ok 1887450679146361174
[225/3068] ok 1887456398755450881
--- saved checkpoint: 210 parents total ---
[226/3068] ok 1887831540392218911
[227/3068] ok 1887898002188103796
[228/3068] ok 1888405707311259960
[229/3068] ok 1888427607794012257
[230/3068] ok 1888877997383622811
[231/3068] ok 1888878621131145284
[232/3068] ok 1888879217372271095
[233/3068] ok 1889359616854605854
[234/3068] ok 1890208405706670446
[235/3068] ok 1890209915979043133
[236/3068] ok 1890212390819754200
[237/3068] ok 1890342761020449050
[238/3068] ok 1890514060757626997
[239/3068] ok 1890549578388144219
[240/3068] ok 1890583602573848760
[241/3068] ok 1891139229482123692
[242/3068] ok 1891487991878623491
[243/3068] ok 1891666696055722437
[244/3068] ok 1891755729830220229
[245/3068] ok 1891827078615486841
[246/3068] ok 1892027356849573934
[247/3068] ok 1892058060606026142
[248/3068] ok 1892060181606896061
[249/3068] ok 1892063957013115317
[250/3068] ok 1892102485948420318
[251/3068] ok 1892103357751246873
[252/3068] ok 1892107856675311769
[253/3068] ok 1892108608109711635
2026-09-04 09:56:31.789 | INFO     | twscrape.accounts_pool:get_for_queue_or_wait:362 - No account available for queue "TweetDetail". Next available at 10:08:23
2026-09-04 10:08:28.499 | INFO     | twscrape.accounts_pool:get_for_queue_or_wait:333 - Continuing with account tinygrad_adhoc on queue TweetDetail
[254/3068] ok 1892108888167878841
[255/3068] ok 1892113934305407024
[256/3068] ok 1892224545043677208
[257/3068] ok 1892295445533135165
[258/3068] ok 1892411589938044967
[259/3068] ok 1892561378621165952
[260/3068] ok 1892572539987100031
[261/3068] ok 1892573582674334054
[262/3068] ok 1892575619784863840
[263/3068] ok 1892584435469402208
[264/3068] ok 1892594075901047113
[265/3068] ok 1892598809873514865
[266/3068] ok 1892601785451176028
[267/3068] ok 1892602177845108743
[268/3068] ok 1892604203924660228
[269/3068] ok 1893843663383335063
[270/3068] ok 1893951908018266342
--- saved checkpoint: 255 parents total ---
[271/3068] ok 1894036978653450683
[272/3068] ok 1894255078024122793
[273/3068] ok 1894259474761724150
[274/3068] ok 1894462343851249927
[275/3068] ok 1894598638292353351
[276/3068] ok 1894599258210537896
[277/3068] none 1894630877226832002
[278/3068] ok 1894669602384412751
[279/3068] ok 1894670699106886009
[280/3068] ok 1894924239662149785
[281/3068] ok 1894943996029575386
[282/3068] none 1894945538468126918
[283/3068] ok 1894972513366516005
[284/3068] ok 1894992185067753541
[285/3068] ok 1894992858094182775
[286/3068] ok 1894993375562195350
[287/3068] ok 1894994134613794843
[288/3068] ok 1894994545005461512
[289/3068] ok 1894995141196189732
[290/3068] ok 1894995917247283252
[291/3068] ok 1895000077284090045
[292/3068] ok 1895004511791653108
[293/3068] none 1895005430734090643
[294/3068] ok 1895005455052874186
[295/3068] ok 1895005627715592606
[296/3068] ok 1895005747689509117
[297/3068] ok 1895006230063853763
[298/3068] ok 1895006432787079197
[299/3068] ok 1895007276945006839
[300/3068] ok 1895008393871728998
[301/3068] ok 1895010322567790815
[302/3068] ok 1895015366650417550
[303/3068] ok 1895016229137719599
[304/3068] ok 1895016713869251069
[305/3068] ok 1895016873844187146
[306/3068] ok 1895017067558117554
[307/3068] ok 1895019228115435581
[308/3068] ok 1895020589443911699
[309/3068] ok 1895360667735191654
[310/3068] ok 1895361813501645159
[311/3068] ok 1895504033701584952
[312/3068] ok 1896003705557958950
[313/3068] ok 1896114190617886914
[314/3068] ok 1896263802745921763
[315/3068] ok 1896552011820310919
--- saved checkpoint: 297 parents total ---
[316/3068] ok 1896693116176060892
[317/3068] ok 1896693471894999293
[318/3068] ok 1896869427662160082
[319/3068] ok 1897233351154753774
[320/3068] ok 1897234938447192142
[321/3068] ok 1897829320791556121
[322/3068] ok 1898069483727863952
[323/3068] ok 1898947630975369237
[324/3068] ok 1900171386876055674
[325/3068] ok 1900184375922176100
[326/3068] ok 1900271757728375270
[327/3068] none 1900283711943565336
[328/3068] ok 1901249825993363826
[329/3068] ok 1901666519454793919
[330/3068] ok 1901668039545991351
[331/3068] ok 1905098146163662930
[332/3068] ok 1905116253402038627
[333/3068] ok 1905193710205157646
[334/3068] ok 1905230991578567099
[335/3068] ok 1905231947929891171
[336/3068] ok 1905232177404535028
[337/3068] ok 1905438643025838341
[338/3068] ok 1905443907808493796
[339/3068] ok 1905444194736595453
[340/3068] ok 1905444527294329332
[341/3068] ok 1905446566795903126
[342/3068] ok 1905446824548466752
[343/3068] ok 1905449266564235555
[344/3068] ok 1905449351201071526
[345/3068] ok 1905449786771472676
[346/3068] ok 1905450387559047614
[347/3068] ok 1905460571652128989
[348/3068] ok 1905485140798943302
[349/3068] ok 1905493370031747552
[350/3068] ok 1905497093394870454
[351/3068] ok 1905503451947384920
[352/3068] ok 1905508456104177812
[353/3068] ok 1905510735322423407
[354/3068] ok 1905511235669401826
[355/3068] none 1905511571557646806
[356/3068] ok 1905514233179054149
[357/3068] ok 1905518244808855574
[358/3068] ok 1905521284525797517
[359/3068] ok 1905521530295275855
[360/3068] ok 1905521877210083729
--- saved checkpoint: 340 parents total ---
[361/3068] ok 1905522110170366112
[362/3068] ok 1905523586351464581
[363/3068] ok 1905524062069403999
[364/3068] ok 1905524445701439675
[365/3068] ok 1905524783057432635
[366/3068] ok 1905525475725951370
[367/3068] ok 1905525999145812376
[368/3068] ok 1905526089398845850
[369/3068] ok 1905526913508278458
[370/3068] ok 1905527957814476973
[371/3068] ok 1905808802630500809
[372/3068] ok 1905809471483301938
[373/3068] ok 1906067277708927177
[374/3068] ok 1906517814258938127
[375/3068] ok 1906707147117011009
[376/3068] ok 1907039693671456782
[377/3068] ok 1907041630101663770
[378/3068] ok 1907385794366746660
[379/3068] ok 1907386685077209176
[380/3068] ok 1907782298990424179
[381/3068] ok 1907788030716608928
[382/3068] ok 1907789783600165322
[383/3068] ok 1907791790784004276
[384/3068] ok 1907825295861707052
[385/3068] ok 1907831483575972193
[386/3068] ok 1907832066747564358
[387/3068] ok 1908392572697141673
[388/3068] ok 1908393525718507986
[389/3068] ok 1908394857481089367
[390/3068] ok 1908395819583365203
[391/3068] ok 1908400742676701472
[392/3068] ok 1908401271377109419
[393/3068] ok 1908532486725861713
[394/3068] ok 1908548407561433204
[395/3068] ok 1908611290551247044
[396/3068] ok 1908650635849027638
[397/3068] ok 1908709598737097187
[398/3068] ok 1908710213089460258
[399/3068] ok 1908779181317718284
[400/3068] ok 1908827274994139282
[401/3068] ok 1909073969409606063
[402/3068] ok 1909074434994102498
2026-09-04 10:11:30.290 | INFO     | twscrape.accounts_pool:get_for_queue_or_wait:362 - No account available for queue "TweetDetail". Next available at 10:23:28
2026-09-04 10:23:32.015 | INFO     | twscrape.accounts_pool:get_for_queue_or_wait:333 - Continuing with account tinygrad_adhoc on queue TweetDetail
[403/3068] ok 1909104293514531263
[404/3068] ok 1909207785931161825
[405/3068] ok 1909211866527674721
--- saved checkpoint: 385 parents total ---
[406/3068] ok 1909213300614721849
[407/3068] ok 1909219722954211838
[408/3068] ok 1909569181433090290
[409/3068] ok 1909626982934994981
[410/3068] ok 1909741118973149291
[411/3068] ok 1909840654009586117
[412/3068] ok 1909856019154715053
[413/3068] ok 1909856639819088056
[414/3068] ok 1909857084524687519
[415/3068] ok 1909857522262909293
[416/3068] ok 1909899446022025684
[417/3068] ok 1909966838823625214
[418/3068] ok 1909968559377096806
[419/3068] ok 1910007824232710225
[420/3068] ok 1910173686008598715
[421/3068] ok 1910176581093376028
[422/3068] ok 1910289396332372145
[423/3068] ok 1910332742916788672
[424/3068] ok 1910337081374921129
[425/3068] ok 1910368585589154052
[426/3068] ok 1910870910669906444
[427/3068] none 1910872446401380647
[428/3068] ok 1910874262904455380
[429/3068] ok 1910874450850984052
[430/3068] ok 1910875420465246574
[431/3068] none 1910875654025077154
[432/3068] ok 1910881257782993202
[433/3068] ok 1911336243709034651
[434/3068] ok 1911421618561106280
[435/3068] none 1911423592912281704
[436/3068] ok 1911426713847726395
[437/3068] ok 1911426989019242989
[438/3068] ok 1911428665566507463
[439/3068] ok 1911428913139433685
[440/3068] none 1911429128143651294
[441/3068] ok 1911430124458680613
[442/3068] ok 1911431370997407939
[443/3068] ok 1911434865863434402
[444/3068] ok 1911478432971800586
[445/3068] ok 1911479585671417902
[446/3068] ok 1911783248889335921
[447/3068] ok 1911799384536215952
[448/3068] ok 1911800774058721590
[449/3068] ok 1911864899858203038
[450/3068] ok 1911865429825609850
--- saved checkpoint: 426 parents total ---
[451/3068] ok 1912407363778228566
[452/3068] ok 1912414529545461852
[453/3068] ok 1914585185439359342
[454/3068] ok 1914593643978965331
[455/3068] ok 1916196766606676233
[456/3068] ok 1916451976163856431
[457/3068] ok 1916462719399535018
[458/3068] ok 1916473922402263344
[459/3068] ok 1916476402347409813
[460/3068] ok 1916482032122970135
[461/3068] ok 1916487831976845461
[462/3068] ok 1916512145837064290
[463/3068] ok 1916528389936107593
[464/3068] ok 1916530577387217231
[465/3068] ok 1916836762330059214
[466/3068] ok 1916838927782076835
[467/3068] none 1916987709391831067
[468/3068] ok 1917231761404137527
[469/3068] ok 1917232764673290262
[470/3068] ok 1917233571078537649
[471/3068] ok 1917303733811306672
[472/3068] none 1917309963741061500
[473/3068] none 1917311026761998733
[474/3068] ok 1917324329898962960
[475/3068] ok 1917326884175495526
[476/3068] none 1917333086490050972
[477/3068] ok 1917364048519389219
[478/3068] ok 1917582978558943715
[479/3068] none 1917584062610280558
[480/3068] ok 1917587411569369212
[481/3068] ok 1918000489410560049
[482/3068] ok 1918002314473877558
[483/3068] ok 1918809691754303672
[484/3068] ok 1918814507431866380
[485/3068] ok 1919382141777105324
[486/3068] ok 1919387407796871549
[487/3068] ok 1919460309066195177
[488/3068] ok 1919460487521075652
[489/3068] none 1919463809531498884
[490/3068] ok 1919469500023418880
[491/3068] ok 1919491019294560366
[492/3068] ok 1919493238194327751
[493/3068] ok 1919493581028360197
[494/3068] ok 1919494189311533122
[495/3068] ok 1919591839130083449
--- saved checkpoint: 465 parents total ---
[496/3068] ok 1919594237722558699
[497/3068] ok 1919595217151217791
[498/3068] ok 1920174851316461753
[499/3068] ok 1920175888077086938
[500/3068] none 1920176239811219929
[501/3068] ok 1920176580732858866
[502/3068] ok 1920177284150878354
[503/3068] ok 1920180661597712463
[504/3068] ok 1920182448102813789
[505/3068] ok 1920189508936740960
[506/3068] ok 1920200625465311540
[507/3068] ok 1920383946589684112
[508/3068] ok 1920639196919631988
[509/3068] ok 1920639479854875077
[510/3068] ok 1920640425146159501
[511/3068] ok 1920649673733202292
[512/3068] ok 1920670288385098157
[513/3068] ok 1920754699638026485
[514/3068] ok 1920813417633386675
[515/3068] ok 1920842857939652737
[516/3068] ok 1920851345881403629
[517/3068] ok 1920892068420804827
[518/3068] ok 1920894775579844863
[519/3068] ok 1920960070055080107
[520/3068] ok 1920962751637151955
[521/3068] ok 1920964185883652594
[522/3068] ok 1920964821782085687
[523/3068] ok 1920966186889547891
[524/3068] ok 1920966842916421973
[525/3068] ok 1920968482646036794
[526/3068] ok 1920969960177754265
[527/3068] ok 1920974074727067971
[528/3068] ok 1920977646898315449
[529/3068] ok 1920977789731127393
[530/3068] ok 1920978375058788777
[531/3068] ok 1920981328603849194
[532/3068] ok 1920981707231990184
[533/3068] ok 1920989330048196821
[534/3068] ok 1921046710014337420
[535/3068] ok 1921049328560324791
[536/3068] ok 1921073129549422930
[537/3068] ok 1921074474209653172
[538/3068] none 1921081924677759207
[539/3068] ok 1921286640724578600
[540/3068] ok 1921287607574483438
--- saved checkpoint: 508 parents total ---
[541/3068] ok 1921289069608235240
[542/3068] ok 1921291189317157156
[543/3068] ok 1921291337816535183
[544/3068] ok 1921701243459711472
[545/3068] ok 1922110212384682352
[546/3068] ok 1922110957792154054
[547/3068] ok 1922111589206970839
[548/3068] ok 1922115537766683112
[549/3068] ok 1922134713801613314
[550/3068] ok 1922330144032596101
[551/3068] ok 1922330857815056807
2026-09-04 10:26:32.331 | INFO     | twscrape.accounts_pool:get_for_queue_or_wait:362 - No account available for queue "TweetDetail". Next available at 10:38:32
2026-09-04 10:38:34.043 | INFO     | twscrape.accounts_pool:get_for_queue_or_wait:333 - Continuing with account tinygrad_adhoc on queue TweetDetail
[552/3068] ok 1922331528652100067
[553/3068] ok 1922331887642513905
[554/3068] ok 1922335479543820526
[555/3068] ok 1922338033551990859
[556/3068] ok 1922340085304807545
[557/3068] ok 1922343622566871485
[558/3068] ok 1922357435068551396
[559/3068] ok 1922383392982925764
[560/3068] ok 1922384890034598032
[561/3068] ok 1922444853616517384
[562/3068] ok 1922813508728529299
[563/3068] ok 1922814587272822915
[564/3068] ok 1922814716323254309
[565/3068] ok 1922851372254298368
[566/3068] ok 1922856859276292589
[567/3068] ok 1922858519952269604
[568/3068] ok 1922859419928494414
[569/3068] ok 1922860217521304025
[570/3068] ok 1922860681852031003
[571/3068] ok 1922861531005366297
[572/3068] ok 1922862380540727473
[573/3068] none 1923201631471952036
[574/3068] ok 1923693428270842267
[575/3068] ok 1923806831626821908
[576/3068] ok 1923990589496037659
[577/3068] ok 1923990638854545677
[578/3068] ok 1923990995647000926
[579/3068] ok 1924152751472497118
[580/3068] ok 1924159741955064255
[581/3068] ok 1924163549401633082
[582/3068] ok 1924173173735539095
[583/3068] ok 1924336384317456498
[584/3068] ok 1924570819256344748
[585/3068] ok 1924582525596532960
--- saved checkpoint: 552 parents total ---
[586/3068] ok 1924591529617936492
[587/3068] ok 1924608870498107707
[588/3068] ok 1924611199196426631
[589/3068] ok 1924964630709076272
[590/3068] ok 1924988193952186667
[591/3068] ok 1925714309444690387
[592/3068] ok 1925723266980680142
[593/3068] ok 1925754209590190518
[594/3068] ok 1925777436957970539
[595/3068] ok 1925778833023660295
[596/3068] ok 1925917020651925773
[597/3068] none 1926011156159775161
[598/3068] none 1926018452071809395
[599/3068] ok 1926394096085602349
[600/3068] ok 1926511342829072422
[601/3068] ok 1926513115149021457
[602/3068] ok 1926513769913430369
[603/3068] ok 1926514619239023053
[604/3068] ok 1926515182370480385
[605/3068] ok 1926516698040946963
[606/3068] ok 1926833607336661016
[607/3068] ok 1927031307747426548
[608/3068] ok 1927445254317228051
[609/3068] ok 1927523003857805454
[610/3068] ok 1927524138731683907
[611/3068] ok 1927951797764706547
[612/3068] ok 1928107569475727756
[613/3068] ok 1929588967332081704
[614/3068] ok 1929595025626685515
[615/3068] ok 1930307880496050500
[616/3068] ok 1930312150968610947
[617/3068] ok 1930317525218406492
[618/3068] ok 1930329883554787444
[619/3068] ok 1930719918200422493
[620/3068] ok 1930731153352233434
[621/3068] ok 1931054839150293219
[622/3068] ok 1931056307299360938
[623/3068] none 1931056401817993582
[624/3068] ok 1931087313494540497
[625/3068] ok 1931404304008540354
[626/3068] ok 1933270306850025632
[627/3068] ok 1933292671424213195
[628/3068] ok 1933303385543094732
[629/3068] ok 1933304174487482561
[630/3068] ok 1933307077213987158
--- saved checkpoint: 594 parents total ---
[631/3068] ok 1933308392938090739
[632/3068] ok 1933313683272208507
[633/3068] ok 1933325670022852685
[634/3068] ok 1933368522241130979
[635/3068] ok 1933401399620219221
[636/3068] ok 1933406605607096680
[637/3068] ok 1933407632305639908
[638/3068] ok 1935364905949110532
[639/3068] ok 1935365394463617239
[640/3068] ok 1935365397680722159
[641/3068] ok 1935366359921361070
[642/3068] ok 1935368584785457640
[643/3068] ok 1935394772962918577
[644/3068] ok 1935395126702182547
[645/3068] ok 1935434285449871839
[646/3068] ok 1935436791341007325
[647/3068] ok 1935438318273229218
[648/3068] ok 1935438731613454667
[649/3068] ok 1936209085067935957
[650/3068] ok 1936210345263349988
[651/3068] ok 1937870312017662095
[652/3068] ok 1937905353964093727
[653/3068] ok 1937905680381587617
[654/3068] ok 1937906418629152799
[655/3068] ok 1937913086834577770
[656/3068] ok 1937918120041099737
[657/3068] ok 1937918509671145740
[658/3068] ok 1937922142848299041
[659/3068] ok 1937951984180720099
[660/3068] ok 1938647695524262073
[661/3068] ok 1938655279173792025
[662/3068] ok 1938656269730185441
[663/3068] ok 1938657388854235421
[664/3068] ok 1938660055127404634
[665/3068] ok 1939376889803743680
[666/3068] ok 1939377220574904528
[667/3068] ok 1939378442136629635
[668/3068] ok 1939379207139885472
[669/3068] ok 1939379516839018536
[670/3068] ok 1939380103475302798
[671/3068] ok 1939380711594864735
[672/3068] ok 1939381105406488927
[673/3068] none 1939381713429274888
[674/3068] ok 1939382146751492378
[675/3068] ok 1939388743527649301
--- saved checkpoint: 638 parents total ---
[676/3068] ok 1939390750535635008
[677/3068] ok 1939391210013258184
[678/3068] ok 1939391921136570811
[679/3068] ok 1939392257549038055
[680/3068] ok 1939392866033545682
[681/3068] ok 1939393185358442524
[682/3068] ok 1939394000378798162
[683/3068] ok 1939394403585724498
[684/3068] ok 1939394574650409434
[685/3068] ok 1939395343059427736
[686/3068] ok 1939396880229962159
[687/3068] ok 1939399973780799934
[688/3068] ok 1939401458513842494
[689/3068] ok 1939402118395470316
[690/3068] ok 1939404500928000300
[691/3068] ok 1939404761775869955
[692/3068] ok 1939405329370136946
[693/3068] ok 1939411417909866812
[694/3068] ok 1939411543848054967
[695/3068] ok 1939415216888127970
[696/3068] ok 1939416868739260662
[697/3068] ok 1939421133222126079
[698/3068] ok 1939427951654957417
[699/3068] ok 1939428607757344790
[700/3068] ok 1939430459529687441
2026-09-04 10:41:39.904 | INFO     | twscrape.accounts_pool:get_for_queue_or_wait:362 - No account available for queue "TweetDetail". Next available at 10:53:34
2026-09-04 10:53:36.596 | INFO     | twscrape.accounts_pool:get_for_queue_or_wait:333 - Continuing with account tinygrad_adhoc on queue TweetDetail
[701/3068] ok 1939608086978961906
[702/3068] ok 1939800971628224975
[703/3068] ok 1939896603239674027
[704/3068] ok 1939922549850185772
[705/3068] ok 1939922670511894574
[706/3068] ok 1939922876573864437
[707/3068] ok 1940131136753344880
[708/3068] ok 1942003528421237096
[709/3068] ok 1942251256501948478
[710/3068] ok 1942253968463184040
[711/3068] ok 1942256630453649503
[712/3068] ok 1942312556904997371
[713/3068] ok 1942313199581139027
[714/3068] ok 1942373719395164442
[715/3068] ok 1942374093531000859
[716/3068] ok 1942380751825023035
[717/3068] ok 1942380931760943561
[718/3068] ok 1942407257423241493
[719/3068] ok 1942408639714885672
[720/3068] ok 1942418893227929899
--- saved checkpoint: 683 parents total ---
[721/3068] ok 1942599803072045369
[722/3068] ok 1942727466193392108
[723/3068] ok 1942727996525404285
[724/3068] ok 1942731778776805878
[725/3068] ok 1942733085755465794
[726/3068] ok 1942826729191661601
[727/3068] ok 1943003659715195345
[728/3068] ok 1943024347582730577
[729/3068] ok 1943032369876787252
[730/3068] ok 1943092175366992141
[731/3068] ok 1943732580752187847
[732/3068] none 1943733427859243231
[733/3068] ok 1943734043691934093
[734/3068] ok 1944098747819995157
[735/3068] ok 1944103010402967937
[736/3068] ok 1946660942047220131
[737/3068] ok 1946666637173915984
[738/3068] ok 1946926749205610935
[739/3068] ok 1946992459029926289
[740/3068] ok 1947360413529870744
[741/3068] ok 1947361326260752432
[742/3068] ok 1947392844286898470
[743/3068] ok 1947497526996963471
[744/3068] ok 1947511946473050591
[745/3068] ok 1947870956330094715
[746/3068] ok 1948938921477636184
[747/3068] ok 1949140902674665755
[748/3068] ok 1949146899489124364
[749/3068] ok 1949147478323818620
[750/3068] ok 1949149840924950862
[751/3068] ok 1949927076137443646
[752/3068] ok 1949937508583723415
[753/3068] ok 1949948659665158243
[754/3068] ok 1950257138112344448
[755/3068] ok 1950258511365218535
[756/3068] ok 1950259810974519735
[757/3068] ok 1950261251432730955
[758/3068] ok 1950261360857927733
[759/3068] ok 1950266013976859096
[760/3068] ok 1950315731025060305
[761/3068] ok 1950334512917074016
[762/3068] ok 1950353270565695937
[763/3068] ok 1951137664243212401
[764/3068] ok 1951339857017708785
[765/3068] ok 1951394197820547512
--- saved checkpoint: 727 parents total ---
[766/3068] ok 1951394697039192157
[767/3068] ok 1951411768338817268
[768/3068] ok 1951413409615864232
[769/3068] ok 1951440849914700095
[770/3068] ok 1951515257278693528
[771/3068] ok 1951528148228821062
[772/3068] ok 1952105697119740105
[773/3068] ok 1952115459094143151
[774/3068] ok 1952237822792094087
[775/3068] ok 1952435621659844873
[776/3068] ok 1952436759805165838
[777/3068] ok 1952438281519374441
[778/3068] ok 1953193240271958155
[779/3068] ok 1953467558117490815
[780/3068] ok 1953468925112398136
[781/3068] ok 1953469607907668252
[782/3068] ok 1953503109797351496
[783/3068] ok 1953804170533707831
[784/3068] ok 1953844371595649293
[785/3068] ok 1953845770479665603
[786/3068] ok 1953871049696629034
[787/3068] ok 1953871190956659011
[788/3068] ok 1953938640561910131
[789/3068] ok 1953943360101921041
[790/3068] ok 1953991953072488576
[791/3068] ok 1954057914995683707
[792/3068] ok 1954601932506718280
[793/3068] ok 1954627502539980886
[794/3068] ok 1954958025959280924
[795/3068] ok 1954959895838757157
[796/3068] ok 1955137703793791450
[797/3068] ok 1956130544993071447
[798/3068] ok 1956131309161779511
[799/3068] ok 1956844954246078540
[800/3068] none 1956846224449196437
[801/3068] ok 1956849291651399681
[802/3068] ok 1957107092868727225
[803/3068] ok 1957509641480597931
[804/3068] ok 1957510240322392551
[805/3068] ok 1957510977265758626
[806/3068] ok 1957512839817752916
[807/3068] ok 1957534554484543568
[808/3068] ok 1957541238145708192
[809/3068] ok 1957600295829270939
[810/3068] ok 1957600617964400673
--- saved checkpoint: 771 parents total ---
[811/3068] ok 1957638303337050497
[812/3068] ok 1957638831228022837
[813/3068] ok 1957648827378205038
[814/3068] ok 1957649328551653397
[815/3068] ok 1957650550595653831
[816/3068] ok 1957652472157335721
[817/3068] ok 1957655120105337042
[818/3068] none 1957658264424051135
[819/3068] ok 1958054217555275895
[820/3068] ok 1958064437845225559
[821/3068] ok 1958080321855058227
[822/3068] ok 1958081190004683170
[823/3068] ok 1958081464500908341
[824/3068] ok 1958083508582461869
[825/3068] ok 1958083995541074288
[826/3068] ok 1958169088104050905
[827/3068] ok 1958169598114533817
[828/3068] ok 1958282473080832197
[829/3068] ok 1958294355107774530
[830/3068] ok 1958301170625286187
[831/3068] ok 1958366495454691339
[832/3068] ok 1958734569341165931
[833/3068] ok 1958735424920461355
[834/3068] ok 1958738394068262965
[835/3068] ok 1958738587236880501
[836/3068] ok 1958764385666834943
[837/3068] ok 1958774710881460667
[838/3068] ok 1958789729098575935
[839/3068] none 1958790787640037423
[840/3068] ok 1958912620456550807
[841/3068] ok 1958914557709361309
[842/3068] ok 1959257435891269661
[843/3068] ok 1959258045810168193
[844/3068] ok 1959306517364220263
[845/3068] ok 1959307056466579459
[846/3068] ok 1959308078391722294
[847/3068] ok 1959309315246059912
[848/3068] ok 1959309969422962776
[849/3068] ok 1959310333564100957
2026-09-04 10:56:39.107 | INFO     | twscrape.accounts_pool:get_for_queue_or_wait:362 - No account available for queue "TweetDetail". Next available at 11:08:36
2026-09-04 11:08:40.862 | INFO     | twscrape.accounts_pool:get_for_queue_or_wait:333 - Continuing with account tinygrad_adhoc on queue TweetDetail
[850/3068] ok 1959310455354413116
[851/3068] ok 1959310916064776221
[852/3068] ok 1959311020419342611
[853/3068] ok 1959312440514269556
[854/3068] ok 1959312935777452357
[855/3068] ok 1959313744841859454
--- saved checkpoint: 814 parents total ---
[856/3068] ok 1959315846427291833
[857/3068] ok 1959324783457489197
[858/3068] ok 1959325804804157868
[859/3068] ok 1959326917385183664
[860/3068] ok 1959327779817992356
[861/3068] ok 1959328174065803771
[862/3068] ok 1959328910279389405
[863/3068] ok 1959334748779921823
[864/3068] ok 1959381359346250017
[865/3068] ok 1959397163865448894
[866/3068] ok 1959399674718372037
[867/3068] ok 1959404243053363316
[868/3068] ok 1959406173272326510
[869/3068] ok 1959433968421617963
[870/3068] ok 1959434668694278415
[871/3068] ok 1959436421292597739
[872/3068] ok 1959437341732503925
[873/3068] ok 1959550065145475214
[874/3068] ok 1959669674440069211
[875/3068] ok 1959696344584733069
[876/3068] ok 1959698914548072449
[877/3068] ok 1959718100636713298
[878/3068] ok 1959741319359938911
[879/3068] ok 1959741967832875264
[880/3068] ok 1959742552049107095
[881/3068] ok 1959751101978419603
[882/3068] ok 1959815266730438943
[883/3068] ok 1959862336501715430
[884/3068] ok 1959863212318540267
[885/3068] ok 1959867369230070185
[886/3068] ok 1959881264158085529
[887/3068] ok 1960052167257325964
[888/3068] ok 1960073563362484624
[889/3068] ok 1960076412754501674
[890/3068] ok 1960179765383733545
[891/3068] none 1960372045654434254
[892/3068] ok 1960420190044225876
[893/3068] ok 1960547405734015068
[894/3068] ok 1961141555688849428
[895/3068] ok 1961173309908975991
[896/3068] ok 1961191423400972639
[897/3068] ok 1961999287149322306
[898/3068] ok 1962240587639251185
[899/3068] ok 1962276573765345556
[900/3068] ok 1962310564459298863
--- saved checkpoint: 858 parents total ---
[901/3068] ok 1962337184687800684
[902/3068] ok 1962435599031304309
[903/3068] ok 1962460305289609411
[904/3068] ok 1962504764568014971
[905/3068] none 1962596086805131404
[906/3068] ok 1963024471817912820
[907/3068] ok 1963025017673023579
[908/3068] ok 1963026255139471780
[909/3068] ok 1963027301131858258
[910/3068] ok 1963034372690608462
[911/3068] ok 1963034672319103385
[912/3068] ok 1963062365248688531
[913/3068] ok 1963074220738675202
[914/3068] ok 1963690020541517984
[915/3068] none 1963691182250451073
[916/3068] ok 1963691660069761436
[917/3068] ok 1963691761391317189
[918/3068] ok 1963691902265381023
[919/3068] ok 1963692128510316743
[920/3068] ok 1963692155572236450
[921/3068] ok 1963693521228951701
[922/3068] ok 1963694902870741289
[923/3068] ok 1963695382527094890
[924/3068] ok 1963696084896919681
[925/3068] ok 1963696489596940531
[926/3068] ok 1963696800583569687
[927/3068] ok 1963697299579912310
[928/3068] ok 1963697375299690532
[929/3068] ok 1963697580040413283
[930/3068] ok 1963698379256639589
[931/3068] ok 1963698909026652276
[932/3068] ok 1963699007781318867
[933/3068] ok 1963699613577421098
[934/3068] ok 1963700788594725058
[935/3068] ok 1963702146517647585
[936/3068] ok 1963703083776524437
[937/3068] ok 1963703914186027337
[938/3068] ok 1963704633685360724
[939/3068] ok 1963706092346818722
[940/3068] ok 1963706702764892669
[941/3068] ok 1963706931681640626
[942/3068] ok 1963707313870496163
[943/3068] ok 1963708092492959813
[944/3068] ok 1963709467444588822
[945/3068] ok 1963722883487633798
--- saved checkpoint: 901 parents total ---
[946/3068] ok 1963724981449408632
[947/3068] ok 1963725447138795941
[948/3068] ok 1963726912028848393
[949/3068] ok 1963727297867121081
[950/3068] ok 1963727663887233293
[951/3068] ok 1963729027367391613
[952/3068] ok 1963729141368566095
[953/3068] ok 1963734063325274580
[954/3068] none 1963748050628755828
[955/3068] ok 1963808864769364086
[956/3068] ok 1963814727093809370
[957/3068] ok 1963816268491804831
[958/3068] ok 1963985494330757535
[959/3068] ok 1963986418268791174
[960/3068] ok 1964011907884732720
[961/3068] ok 1964037572503752910
[962/3068] ok 1964039864594420190
[963/3068] ok 1964385904333902060
[964/3068] ok 1964388004816179464
[965/3068] ok 1964389599557668953
[966/3068] ok 1964400204456567049
[967/3068] ok 1965643708122234977
[968/3068] ok 1965644220947202433
[969/3068] ok 1965645393573847197
[970/3068] ok 1966303708943466624
[971/3068] ok 1966308371021344791
[972/3068] ok 1966309736930017571
[973/3068] ok 1966317125443932404
[974/3068] ok 1966338379014176839
[975/3068] ok 1966338814299042099
[976/3068] ok 1966342811143516483
[977/3068] ok 1966410874039816332
[978/3068] none 1966424425865035968
[979/3068] ok 1966479302918086824
[980/3068] ok 1966800223210270912
[981/3068] ok 1966801817787904350
[982/3068] ok 1967443011308270006
[983/3068] ok 1967446896081076517
[984/3068] ok 1967456891963134238
[985/3068] ok 1967481183744500088
[986/3068] ok 1967488934910603415
[987/3068] ok 1967505502470033870
[988/3068] ok 1967507982155198575
[989/3068] ok 1967509299875439006
[990/3068] ok 1967509576145850410
--- saved checkpoint: 944 parents total ---
[991/3068] ok 1967509835106386386
[992/3068] ok 1967510582653079691
[993/3068] ok 1967531814966513783
[994/3068] ok 1967539969133818176
[995/3068] ok 1967580004830834918
[996/3068] ok 1970344867919519999
[997/3068] ok 1971644399600943311
[998/3068] ok 1971645007053619374
2026-09-04 11:11:44.097 | INFO     | twscrape.accounts_pool:get_for_queue_or_wait:362 - No account available for queue "TweetDetail". Next available at 11:23:41
2026-09-04 11:23:45.798 | INFO     | twscrape.accounts_pool:get_for_queue_or_wait:333 - Continuing with account tinygrad_adhoc on queue TweetDetail
[999/3068] ok 1976084605141909845
[1000/3068] ok 1976087121011302875
[1001/3068] ok 1976090950553436524
[1002/3068] ok 1976091343240986973
[1003/3068] ok 1976108984873726111
[1004/3068] ok 1976109994375528640
[1005/3068] ok 1976141143344840900
[1006/3068] ok 1977913992854249621
[1007/3068] ok 1977915407769141759
[1008/3068] ok 1977916401818927104
[1009/3068] ok 1977916929500446978
[1010/3068] ok 1977917255997661275
[1011/3068] ok 1977938696780570959
[1012/3068] ok 1977988005857284458
[1013/3068] ok 1977990564856647697
[1014/3068] ok 1978017067879018630
[1015/3068] ok 1978017792470200645
[1016/3068] ok 1978059572242694175
[1017/3068] ok 1978113809551065381
[1018/3068] ok 1978151483544572249
[1019/3068] ok 1978159396275294493
[1020/3068] ok 1978254142222094343
[1021/3068] ok 1978254622436270140
[1022/3068] ok 1978271734336758128
[1023/3068] ok 1978376854416286143
[1024/3068] ok 1978380422590423553
[1025/3068] ok 1978397827668807881
[1026/3068] ok 1978399549157749202
[1027/3068] ok 1978402535535993210
[1028/3068] ok 1978455384089375063
[1029/3068] ok 1978630534780666246
[1030/3068] ok 1978713369726365789
[1031/3068] ok 1978713905971986644
[1032/3068] ok 1978862876614906116
[1033/3068] ok 1978984754461499428
[1034/3068] ok 1979007551535513994
[1035/3068] ok 1979097525102461201
--- saved checkpoint: 989 parents total ---
[1036/3068] ok 1979117049050779929
[1037/3068] ok 1979121963366035646
[1038/3068] ok 1979173309443878928
[1039/3068] ok 1979181979016008154
[1040/3068] ok 1979347047401533748
[1041/3068] ok 1979393531845501224
[1042/3068] ok 1979394288766324901
[1043/3068] ok 1979519693934465410
[1044/3068] ok 1979614662925889852
[1045/3068] ok 1979619083416129678
[1046/3068] ok 1979879204738203757
[1047/3068] ok 1980021983040692407
[1048/3068] ok 1980082660920918045
[1049/3068] ok 1980083193203355748
[1050/3068] ok 1980083574507552975
[1051/3068] ok 1980085232255783188
[1052/3068] ok 1980085698012262510
[1053/3068] ok 1980089195617309054
[1054/3068] ok 1980089368443310449
[1055/3068] ok 1980091493038936385
[1056/3068] ok 1980098777869414498
[1057/3068] ok 1980108050536055043
[1058/3068] ok 1980137095080665180
[1059/3068] none 1980158868266324178
[1060/3068] ok 1980167400780857494
[1061/3068] ok 1980167832622227490
[1062/3068] ok 1980168425579356172
[1063/3068] ok 1980174178461548592
[1064/3068] ok 1980185815453159698
[1065/3068] ok 1980193031019258109
[1066/3068] ok 1980257255414259853
[1067/3068] ok 1980260910712205467
[1068/3068] ok 1980274921629765716
[1069/3068] ok 1980457168613831093
[1070/3068] ok 1980459416374899113
[1071/3068] ok 1980459990466093387
[1072/3068] ok 1980503912299033053
[1073/3068] ok 1981033221275172896
[1074/3068] ok 1981520452255437184
[1075/3068] ok 1981611401702523101
[1076/3068] ok 1981756527972171839
[1077/3068] ok 1981780854717526041
[1078/3068] ok 1981904057397821856
[1079/3068] ok 1981906048836399433
[1080/3068] ok 1981912004240544021
--- saved checkpoint: 1033 parents total ---
[1081/3068] ok 1981914369597587528
[1082/3068] ok 1981915365350478263
[1083/3068] ok 1981915455867736299
[1084/3068] ok 1981916043032588660
[1085/3068] ok 1981916129842041007
[1086/3068] ok 1981916348075872437
[1087/3068] ok 1981916465386455060
[1088/3068] ok 1981916625466184185
[1089/3068] ok 1981916749370175564
[1090/3068] ok 1981930225920508348
[1091/3068] ok 1982447019987001714
[1092/3068] ok 1982652568556970214
[1093/3068] ok 1982652741974700238
[1094/3068] ok 1982880785842708832
[1095/3068] ok 1983469817895198783
[1096/3068] ok 1983472149563371898
[1097/3068] ok 1983474265891713047
[1098/3068] ok 1983593511703474196
[1099/3068] ok 1983597515875528868
[1100/3068] ok 1983668577011151142
[1101/3068] ok 1983698478548304015
[1102/3068] ok 1983699145518162200
[1103/3068] ok 1983700156110533075
[1104/3068] ok 1983750668067467759
[1105/3068] ok 1983752479511867433
[1106/3068] ok 1983861148513661026
[1107/3068] ok 1983862072254624071
[1108/3068] ok 1983862616645898264
[1109/3068] ok 1983862902143754472
[1110/3068] ok 1983866907918004664
[1111/3068] ok 1983874337863299381
[1112/3068] ok 1983874536031318424
[1113/3068] ok 1983914961916326230
[1114/3068] ok 1983915616433270791
[1115/3068] ok 1983917797781426511
[1116/3068] ok 1983918127407562926
[1117/3068] ok 1983920564377997549
[1118/3068] ok 1983934727821132063
[1119/3068] ok 1983937162887246178
[1120/3068] ok 1983938331508437128
[1121/3068] ok 1984064248646168757
[1122/3068] ok 1984110182616723635
[1123/3068] ok 1984146079596868092
[1124/3068] ok 1984164601165181058
[1125/3068] ok 1984167956486766862
--- saved checkpoint: 1078 parents total ---
[1126/3068] ok 1984171364341969000
[1127/3068] ok 1984197095616807025
[1128/3068] ok 1984316997245845583
[1129/3068] ok 1984451723214365025
[1130/3068] ok 1984470895000199447
[1131/3068] ok 1984667212846940262
[1132/3068] ok 1984731467243798754
[1133/3068] ok 1984994535429267959
[1134/3068] ok 1985040654460710932
[1135/3068] ok 1985171926059532347
[1136/3068] ok 1985173850993136018
[1137/3068] ok 1985175301643751483
[1138/3068] ok 1985175686558978243
[1139/3068] ok 1985177514487189953
[1140/3068] ok 1985178312797245873
[1141/3068] ok 1985180195402256674
[1142/3068] ok 1985182004712001908
[1143/3068] ok 1985183909840388243
[1144/3068] ok 1985202352442491317
[1145/3068] ok 1985203415362740357
[1146/3068] ok 1985209537234927925
[1147/3068] ok 1985229227273404760
2026-09-04 11:26:51.762 | INFO     | twscrape.accounts_pool:get_for_queue_or_wait:362 - No account available for queue "TweetDetail". Next available at 11:38:46
2026-09-04 11:38:48.450 | INFO     | twscrape.accounts_pool:get_for_queue_or_wait:333 - Continuing with account tinygrad_adhoc on queue TweetDetail
[1148/3068] ok 1985231215696429132
[1149/3068] ok 1985231566021517524
[1150/3068] ok 1985234963428712628
[1151/3068] ok 1985435696283476273
[1152/3068] ok 1985513004658766039
[1153/3068] ok 1985513892605542473
[1154/3068] ok 1985514547193495833
[1155/3068] ok 1985514839117349214
[1156/3068] ok 1985516005326799087
[1157/3068] ok 1985518621083197817
[1158/3068] ok 1985594969386860718
[1159/3068] ok 1985774711499080186
[1160/3068] ok 1985775029485818082
[1161/3068] ok 1985778285238780069
[1162/3068] ok 1985780140194906309
[1163/3068] ok 1985789093217808445
[1164/3068] ok 1985797722084163832
[1165/3068] ok 1985797830649446830
[1166/3068] ok 1985815834833441165
[1167/3068] ok 1985832639652319695
[1168/3068] ok 1985847925856223461
[1169/3068] ok 1985848055258591312
[1170/3068] ok 1985869702229606499
--- saved checkpoint: 1123 parents total ---
[1171/3068] ok 1985870601316417830
[1172/3068] ok 1986160287008125208
[1173/3068] ok 1986161507327946754
[1174/3068] ok 1986162186465784201
[1175/3068] ok 1986162716801675584
[1176/3068] ok 1986162805817680345
[1177/3068] ok 1986163919506080197
[1178/3068] ok 1986164792495907275
[1179/3068] ok 1986165171744874526
[1180/3068] ok 1986165208277295182
[1181/3068] ok 1986165434450673899
[1182/3068] ok 1986165696687149475
[1183/3068] ok 1986165981761458547
[1184/3068] ok 1986166020621672515
[1185/3068] ok 1986166428878143677
[1186/3068] ok 1986166552887197896
[1187/3068] ok 1986167338413269124
[1188/3068] ok 1986167666898301037
[1189/3068] ok 1986168167916515663
[1190/3068] ok 1986169359690039621
[1191/3068] ok 1986169685671616871
[1192/3068] ok 1986169958204944590
[1193/3068] ok 1986170617981542564
[1194/3068] ok 1986173072433717746
[1195/3068] ok 1986173998984794577
[1196/3068] ok 1986174392422813827
[1197/3068] ok 1986178912578113681
[1198/3068] ok 1986201077633483235
[1199/3068] ok 1986201546091012553
[1200/3068] ok 1986212742710370582
[1201/3068] ok 1986215292754927781
[1202/3068] ok 1986215858532987069
[1203/3068] ok 1986216737881170052
[1204/3068] ok 1986217424476164261
[1205/3068] ok 1986220798382907406
[1206/3068] ok 1986222385977069868
[1207/3068] ok 1986223419189288968
[1208/3068] ok 1986225194294301125
[1209/3068] ok 1986227903022178444
[1210/3068] ok 1986230318203085164
[1211/3068] ok 1986232127810142425
[1212/3068] ok 1986234406500245742
[1213/3068] ok 1986237061905498297
[1214/3068] ok 1986247739479662749
[1215/3068] ok 1986247964491456583
--- saved checkpoint: 1168 parents total ---
[1216/3068] ok 1986248546417562116
[1217/3068] ok 1986249080906105333
[1218/3068] ok 1986269201343091104
[1219/3068] ok 1986270393033011567
[1220/3068] ok 1986271098963726515
[1221/3068] ok 1986271947072618861
[1222/3068] ok 1986274760918245412
[1223/3068] ok 1986274783437242407
[1224/3068] ok 1986274998663979101
[1225/3068] ok 1986275642891993483
[1226/3068] ok 1986277280554078453
[1227/3068] ok 1986279047949590653
[1228/3068] ok 1986280212452061491
[1229/3068] ok 1986280967896760648
[1230/3068] ok 1986281306620371292
[1231/3068] ok 1986281907076702227
[1232/3068] ok 1986282818897379762
[1233/3068] ok 1986287385651646512
[1234/3068] ok 1986287847603831017
[1235/3068] ok 1986288485595058488
[1236/3068] ok 1986375851194077544
[1237/3068] ok 1986494540816236750
[1238/3068] ok 1986495722498499022
[1239/3068] ok 1986524419871654193
[1240/3068] ok 1986551824435060980
[1241/3068] ok 1986554393752179081
[1242/3068] ok 1986554415571214346
[1243/3068] ok 1986557339496030604
[1244/3068] ok 1986557523776970985
[1245/3068] ok 1986734118005358605
[1246/3068] ok 1986918001942339594
[1247/3068] ok 1986965142328987900
[1248/3068] ok 1986965863849689310
[1249/3068] ok 1986966621857210455
[1250/3068] ok 1986967603890344202
[1251/3068] ok 1986967892941021603
[1252/3068] ok 1986971392789643586
[1253/3068] ok 1986975293521952902
[1254/3068] ok 1986977112016773273
[1255/3068] ok 1987642424550621233
[1256/3068] ok 1987648681433301255
[1257/3068] ok 1987650569771925918
[1258/3068] ok 1987653758084661250
[1259/3068] ok 1987654432725586279
[1260/3068] ok 1987906148876558580
--- saved checkpoint: 1213 parents total ---
[1261/3068] ok 1987965517408383412
[1262/3068] ok 1987970749551047078
[1263/3068] ok 1988499598885966254
[1264/3068] ok 1988605958583693440
[1265/3068] ok 1988619731113279891
[1266/3068] ok 1988758710894882992
[1267/3068] ok 1988764853406933322
[1268/3068] ok 1988775008852922576
[1269/3068] ok 1988799109160136968
[1270/3068] ok 1988799203590697085
[1271/3068] ok 1988805449915986413
[1272/3068] ok 1988807729239277633
[1273/3068] ok 1988868364211544467
[1274/3068] ok 1988880791389065559
[1275/3068] ok 1989007767118749909
[1276/3068] ok 1989008055607193659
[1277/3068] ok 1989010675876728849
[1278/3068] ok 1989017121389449460
[1279/3068] ok 1989019721031618928
[1280/3068] ok 1989020592079769706
[1281/3068] ok 1989023432538042436
[1282/3068] ok 1989023763514683463
[1283/3068] ok 1989024418618831328
[1284/3068] ok 1989026590127464554
[1285/3068] ok 1989028652521234877
[1286/3068] ok 1989040887423479810
[1287/3068] ok 1989042528604357058
[1288/3068] ok 1989042847283085324
[1289/3068] ok 1989067242760515595
[1290/3068] ok 1989074264243466729
[1291/3068] ok 1989093779073290735
[1292/3068] ok 1989098632994517149
[1293/3068] ok 1989104731386458153
[1294/3068] ok 1989105155477025041
[1295/3068] ok 1989105405826314389
[1296/3068] ok 1989110882547458315
2026-09-04 11:41:56.997 | INFO     | twscrape.accounts_pool:get_for_queue_or_wait:362 - No account available for queue "TweetDetail". Next available at 11:53:48
2026-09-04 11:53:53.710 | INFO     | twscrape.accounts_pool:get_for_queue_or_wait:333 - Continuing with account tinygrad_adhoc on queue TweetDetail
[1297/3068] ok 1989111390918046056
[1298/3068] ok 1989112442140660019
[1299/3068] ok 1989113865880367154
[1300/3068] ok 1989114321553732061
[1301/3068] ok 1989115775064670645
[1302/3068] ok 1989116106053968045
[1303/3068] ok 1989116520333734340
[1304/3068] ok 1989126734445441163
[1305/3068] ok 1989127125069361409
--- saved checkpoint: 1258 parents total ---
[1306/3068] ok 1989127871517086058
[1307/3068] ok 1989128037305315464
[1308/3068] ok 1989129254081327277
[1309/3068] ok 1989132934838702352
[1310/3068] ok 1989133970798477404
[1311/3068] ok 1989275186164863448
[1312/3068] ok 1989277634912805319
[1313/3068] ok 1989400774649262474
[1314/3068] ok 1989402907629031819
[1315/3068] ok 1989437847741571156
[1316/3068] ok 1989456019353989428
[1317/3068] ok 1989464607925440690
[1318/3068] ok 1989472298064384510
[1319/3068] ok 1989484264858222631
[1320/3068] ok 1989502267507212297
[1321/3068] ok 1989504594473541726
[1322/3068] ok 1989541818837733504
[1323/3068] ok 1989543485515665455
[1324/3068] ok 1990540187391414774
[1325/3068] ok 1990540605911638321
[1326/3068] ok 1990628390974730560
[1327/3068] ok 1990921234516001186
[1328/3068] ok 1990924848982360392
[1329/3068] ok 1990935355437298127
[1330/3068] ok 1990944329586643109
[1331/3068] ok 1990955874261586415
[1332/3068] ok 1991292223783334304
[1333/3068] ok 1991506175737909348
[1334/3068] ok 1991559794080248162
[1335/3068] ok 1991560635503792454
[1336/3068] ok 1991561464809963929
[1337/3068] ok 1991561620900966770
[1338/3068] ok 1991561670116978734
[1339/3068] ok 1991562024372125894
[1340/3068] ok 1991565408332312990
[1341/3068] ok 1991566997923192885
[1342/3068] ok 1991569900163461127
[1343/3068] ok 1991680838141186205
[1344/3068] ok 1991684426955391331
[1345/3068] ok 1991925580124819965
[1346/3068] ok 1991926586833297580
[1347/3068] ok 1991927844562522311
[1348/3068] ok 1991928453982232623
[1349/3068] ok 1991928741027877248
[1350/3068] ok 1991934334081941884
--- saved checkpoint: 1303 parents total ---
[1351/3068] ok 1991934939294785594
[1352/3068] ok 1991940571792036320
[1353/3068] ok 1991952304866779313
[1354/3068] ok 1991954510739394842
[1355/3068] ok 1992322342459232505
[1356/3068] ok 1992352985779986761
[1357/3068] ok 1992371379661082733
[1358/3068] ok 1992373212068606385
[1359/3068] ok 1992427275032392021
[1360/3068] ok 1992428924048212025
[1361/3068] ok 1992467622525559291
[1362/3068] ok 1992467871096877058
[1363/3068] ok 1992471173050028458
[1364/3068] ok 1992485392524951789
[1365/3068] ok 1992585041885499588
[1366/3068] ok 1992669807246999576
[1367/3068] ok 1992948315617452529
[1368/3068] ok 1992999482959839373
[1369/3068] ok 1992999797889060868
[1370/3068] ok 1993001348405846510
[1371/3068] ok 1993001439891685691
[1372/3068] ok 1993001689969008962
[1373/3068] ok 1993001769522307323
[1374/3068] ok 1993004960217534628
[1375/3068] ok 1993016249836822724
[1376/3068] ok 1993044001029865532
[1377/3068] ok 1993044688291742203
[1378/3068] ok 1993056106424549555
[1379/3068] ok 1993097093175783640
[1380/3068] ok 1993100163616038913
[1381/3068] ok 1993363311597854855
[1382/3068] ok 1993364210948936055
[1383/3068] ok 1993365249098170626
[1384/3068] ok 1993366104866259120
[1385/3068] ok 1993372632759017627
[1386/3068] ok 1993377646823326195
[1387/3068] ok 1993398748534522174
[1388/3068] ok 1993400152049303654
[1389/3068] ok 1993400569810370612
[1390/3068] none 1993406039740518824
[1391/3068] ok 1993416964350304448
[1392/3068] ok 1993417470279889236
[1393/3068] ok 1993418379634393281
[1394/3068] ok 1993427645363798123
[1395/3068] ok 1993431049318351027
--- saved checkpoint: 1347 parents total ---
[1396/3068] ok 1993431516152803756
[1397/3068] ok 1993432624728359356
[1398/3068] ok 1993435969870348387
[1399/3068] ok 1993444899958800446
[1400/3068] ok 1993447331208085964
[1401/3068] ok 1993461475407512010
[1402/3068] ok 1993465533228896373
[1403/3068] ok 1993495401757131226
[1404/3068] ok 1993575495347376441
[1405/3068] ok 1993617841225093376
[1406/3068] ok 1993710300634513487
[1407/3068] ok 1993766960593818013
[1408/3068] ok 1993769133834739993
[1409/3068] ok 1993769616544551246
[1410/3068] ok 1993775723988046066
[1411/3068] ok 1993806464671260786
[1412/3068] ok 1993814899638849939
[1413/3068] ok 1994516781726405059
[1414/3068] ok 1994518942187229343
[1415/3068] ok 1994519857728294930
[1416/3068] ok 1994521314716258522
[1417/3068] ok 1994522970669420871
[1418/3068] ok 1994523349301825984
[1419/3068] ok 1995183663290708430
[1420/3068] ok 1995188537067766257
[1421/3068] ok 1995211633417925097
[1422/3068] ok 1995243001828999537
[1423/3068] ok 1995301611154084040
[1424/3068] ok 1995632744173633894
[1425/3068] ok 1995834963443450057
[1426/3068] ok 1996022150353043811
[1427/3068] ok 1996332610755412129
[1428/3068] ok 1996338952664404282
[1429/3068] ok 1996345970620326301
[1430/3068] ok 1996349052280242334
[1431/3068] ok 1996353706124816751
[1432/3068] ok 1996357046426316805
[1433/3068] ok 1996380031162139118
[1434/3068] ok 1996380721989177574
[1435/3068] ok 1996381925108584633
[1436/3068] ok 1996383301419037031
[1437/3068] ok 1996385507287429336
[1438/3068] ok 1996454106421154035
[1439/3068] ok 1996659498447262024
[1440/3068] none 1996671048087900191
--- saved checkpoint: 1391 parents total ---
[1441/3068] ok 1996671768505782467
[1442/3068] ok 1996679127420883437
[1443/3068] ok 1996733725166711115
[1444/3068] ok 1996735599039205889
[1445/3068] ok 1996738392881873101
2026-09-04 11:57:03.962 | INFO     | twscrape.accounts_pool:get_for_queue_or_wait:362 - No account available for queue "TweetDetail". Next available at 12:08:54
2026-09-04 12:08:55.666 | INFO     | twscrape.accounts_pool:get_for_queue_or_wait:333 - Continuing with account tinygrad_adhoc on queue TweetDetail
[1446/3068] ok 1997734366974542276
[1447/3068] ok 1998860329229660219
[1448/3068] ok 2000239899904246115
[1449/3068] ok 2001977500675740039
[1450/3068] ok 2001984417703792814
[1451/3068] ok 2002013223160328327
[1452/3068] ok 2002013984992428297
[1453/3068] ok 2002015255996535198
[1454/3068] ok 2002016054810452322
[1455/3068] ok 2002016513503416584
[1456/3068] ok 2002019807546519973
[1457/3068] ok 2002021958796407033
[1458/3068] ok 2002022611329356066
[1459/3068] ok 2002024313130450958
[1460/3068] ok 2002024634573545734
[1461/3068] ok 2002025414735143025
[1462/3068] ok 2002031085019160582
[1463/3068] ok 2002034503729258787
[1464/3068] ok 2002037966856708548
[1465/3068] ok 2002042591370453481
[1466/3068] ok 2002048305250156999
[1467/3068] ok 2002053348976119812
[1468/3068] ok 2002055376632738046
[1469/3068] ok 2002056292031242651
[1470/3068] ok 2002058741106311198
[1471/3068] ok 2002108329079025773
[1472/3068] ok 2002356668693147801
[1473/3068] ok 2002361013082235118
[1474/3068] ok 2002361924827148620
[1475/3068] ok 2002362551753916597
[1476/3068] ok 2002362830004105526
[1477/3068] ok 2002510145298022579
[1478/3068] ok 2002523214808035338
[1479/3068] ok 2002962107449700580
[1480/3068] ok 2002985898229588119
[1481/3068] ok 2003118999740240037
[1482/3068] ok 2003130835961278522
[1483/3068] ok 2003224112127442973
[1484/3068] none 2003394944028012678
[1485/3068] ok 2003416051762233469
--- saved checkpoint: 1435 parents total ---
[1486/3068] ok 2004410628648456328
[1487/3068] ok 2004596196040728983
[1488/3068] ok 2004597171702956321
[1489/3068] ok 2005070074907115909
[1490/3068] ok 2006392620814102573
[1491/3068] ok 2008262725043188096
[1492/3068] ok 2008264221315002721
[1493/3068] ok 2008265955626172682
[1494/3068] ok 2008271440215433585
[1495/3068] ok 2008326421924769831
[1496/3068] ok 2008332599077331155
[1497/3068] ok 2008579843777327520
[1498/3068] none 2008596764262363400
[1499/3068] ok 2008629328536617018
[1500/3068] ok 2008635949513621736
[1501/3068] ok 2008637931184140602
[1502/3068] ok 2008641010675663219
[1503/3068] ok 2008661957252182494
[1504/3068] ok 2009359728430952666
[1505/3068] ok 2009367654587617374
[1506/3068] ok 2009376442120032761
[1507/3068] ok 2010521875877658867
[1508/3068] ok 2010676740998246754
[1509/3068] ok 2010768751277334675
[1510/3068] ok 2010855309460586579
[1511/3068] ok 2010879001993072651
[1512/3068] ok 2010914860092309963
[1513/3068] ok 2010924010390130916
[1514/3068] ok 2010924786684477713
[1515/3068] ok 2011876815758115299
[1516/3068] ok 2012000529745080515
[1517/3068] ok 2012009708572614788
[1518/3068] ok 2012282759562281412
[1519/3068] ok 2012293367258845364
[1520/3068] ok 2012708863250780666
[1521/3068] ok 2012792583525724585
[1522/3068] ok 2012818391006884277
[1523/3068] ok 2012842325412544751
[1524/3068] ok 2013050038898110529
[1525/3068] ok 2013050568605147235
[1526/3068] ok 2013062028559040541
[1527/3068] ok 2013064869524733956
[1528/3068] ok 2013080749596172342
[1529/3068] ok 2013114167427805529
[1530/3068] ok 2013157185480741291
--- saved checkpoint: 1479 parents total ---
[1531/3068] ok 2013161131037315326
[1532/3068] ok 2013206366442172623
[1533/3068] ok 2013748244304801973
[1534/3068] ok 2013750252226908291
[1535/3068] ok 2013752060374659569
[1536/3068] ok 2013766428013326529
[1537/3068] ok 2013767173370503453
[1538/3068] ok 2014057956522721480
[1539/3068] ok 2014058402624721375
[1540/3068] ok 2014130796559548612
[1541/3068] ok 2014132257225605373
[1542/3068] ok 2014133087228072393
[1543/3068] ok 2014135707892138284
[1544/3068] ok 2014138896582680957
[1545/3068] ok 2014145816290525497
[1546/3068] ok 2014274161724809702
[1547/3068] ok 2014297526124663193
[1548/3068] ok 2014300152048361945
[1549/3068] ok 2014304328950100447
[1550/3068] ok 2014307021269487747
[1551/3068] ok 2014308569630613645
[1552/3068] ok 2014497642571825426
[1553/3068] ok 2014512363173748769
[1554/3068] ok 2014516172851712435
[1555/3068] ok 2014516406512222396
[1556/3068] ok 2014543904360824937
[1557/3068] ok 2014564332995293659
[1558/3068] ok 2014611104832618678
[1559/3068] ok 2014653367247896708
[1560/3068] ok 2014895237865611529
[1561/3068] ok 2015352061786042478
[1562/3068] ok 2015352973266985372
[1563/3068] ok 2015385010732417323
[1564/3068] ok 2015385175530901936
[1565/3068] ok 2015401223785173378
[1566/3068] ok 2015527071804768481
[1567/3068] ok 2015527805174612179
[1568/3068] ok 2015781489125069102
[1569/3068] ok 2015801373003059657
[1570/3068] ok 2016133945814024598
[1571/3068] ok 2016181450916147240
[1572/3068] ok 2016183416774095179
[1573/3068] ok 2016316544419299690
[1574/3068] ok 2016317487894143208
[1575/3068] ok 2016319895751815281
--- saved checkpoint: 1524 parents total ---
[1576/3068] ok 2016727288742859024
[1577/3068] ok 2016728606605791328
[1578/3068] ok 2016728737971405152
[1579/3068] ok 2016729770118304046
[1580/3068] ok 2016731831408681249
[1581/3068] ok 2016732997752426649
[1582/3068] ok 2016733253227733460
[1583/3068] ok 2016733556756598923
[1584/3068] ok 2016734262234427462
[1585/3068] ok 2016734707845910548
[1586/3068] ok 2016735733449380023
[1587/3068] ok 2016794985564368900
[1588/3068] ok 2016809040391602179
[1589/3068] ok 2016855145397510271
[1590/3068] ok 2016877997845045487
[1591/3068] ok 2016881967703437368
[1592/3068] ok 2016909542638903423
[1593/3068] ok 2016944242837581900
[1594/3068] ok 2017010608152174829
2026-09-04 12:12:00.647 | INFO     | twscrape.accounts_pool:get_for_queue_or_wait:362 - No account available for queue "TweetDetail". Next available at 12:23:55
2026-09-04 12:23:57.353 | INFO     | twscrape.accounts_pool:get_for_queue_or_wait:333 - Continuing with account tinygrad_adhoc on queue TweetDetail
[1595/3068] ok 2017026190692012478
[1596/3068] ok 2017087194964644034
[1597/3068] ok 2017094924177412468
[1598/3068] ok 2017099658041184409
[1599/3068] ok 2017105578607464657
[1600/3068] ok 2017105980866089356
[1601/3068] ok 2017106197330219082
[1602/3068] ok 2017106462183739902
[1603/3068] ok 2017107527490486342
[1604/3068] ok 2017107734513201375
[1605/3068] ok 2017108039736971472
[1606/3068] ok 2017108136063062245
[1607/3068] ok 2017108826278023381
[1608/3068] ok 2017109185637290128
[1609/3068] ok 2017114646491308431
[1610/3068] ok 2017114772546736386
[1611/3068] ok 2017115013077774555
[1612/3068] ok 2017115185266163864
[1613/3068] none 2017126821180150047
[1614/3068] ok 2017454375770407293
[1615/3068] ok 2017466121490948135
[1616/3068] ok 2017599070777270746
[1617/3068] ok 2017919963210641809
[1618/3068] ok 2018166871707824170
[1619/3068] ok 2018167023671652507
[1620/3068] ok 2018167359400534183
--- saved checkpoint: 1568 parents total ---
[1621/3068] ok 2018168468026151262
[1622/3068] ok 2018183617822798284
[1623/3068] ok 2018250195709079553
[1624/3068] ok 2018251422727286945
[1625/3068] ok 2018251888500650228
[1626/3068] ok 2018659000397787211
[1627/3068] ok 2018659478170738986
[1628/3068] ok 2018719222466073077
[1629/3068] ok 2018729920902365266
[1630/3068] ok 2018732301400653945
[1631/3068] none 2019046318120014036
[1632/3068] ok 2019052771358495122
[1633/3068] ok 2019329350731198550
[1634/3068] ok 2019330526885343665
[1635/3068] ok 2019337868632899763
[1636/3068] ok 2019339164551115264
[1637/3068] ok 2019341357471658307
[1638/3068] ok 2019343854936510657
[1639/3068] ok 2019345521362505932
[1640/3068] ok 2019350559460036766
[1641/3068] ok 2019350925241094456
[1642/3068] ok 2019355080101953821
[1643/3068] ok 2019441274055512300
[1644/3068] ok 2019490359667990637
[1645/3068] ok 2019839335382790342
[1646/3068] ok 2019933603933876666
[1647/3068] ok 2019936149607739710
[1648/3068] ok 2019958750669656249
[1649/3068] ok 2019975091707072758
[1650/3068] ok 2019994222989045932
[1651/3068] ok 2019998604916936839
[1652/3068] ok 2020000112890769890
[1653/3068] ok 2021453192542945503
[1654/3068] ok 2021463022255079855
[1655/3068] ok 2021554756402176501
[1656/3068] ok 2021555849723006992
[1657/3068] ok 2021555985375227962
[1658/3068] ok 2021583008298324014
[1659/3068] ok 2021785685901160810
[1660/3068] ok 2021797273231827140
[1661/3068] ok 2022007823996178485
[1662/3068] ok 2022014600645161266
[1663/3068] ok 2022574719694758147
[1664/3068] ok 2023591653102039157
[1665/3068] ok 2023598989535527070
--- saved checkpoint: 1612 parents total ---
[1666/3068] ok 2023653897186013449
[1667/3068] ok 2023837593616736474
[1668/3068] ok 2023916456187158941
[1669/3068] ok 2023929112117866591
[1670/3068] ok 2023946451710058511
[1671/3068] ok 2024023182529744971
[1672/3068] ok 2024025379640377438
[1673/3068] ok 2024171024791880038
[1674/3068] ok 2024217476670652419
[1675/3068] ok 2024259192622895262
[1676/3068] ok 2024263928474128866
[1677/3068] ok 2025605452289990662
[1678/3068] ok 2025928352604062049
[1679/3068] ok 2025929239372202048
[1680/3068] ok 2026125659337355509
[1681/3068] ok 2026135625657614387
[1682/3068] ok 2026144363240399239
[1683/3068] ok 2026162053069889771
[1684/3068] ok 2026209453985407377
[1685/3068] ok 2026241136147546169
[1686/3068] ok 2026262501957218334
[1687/3068] ok 2026325446024167698
[1688/3068] ok 2026488166660907290
[1689/3068] ok 2026493617049911487
[1690/3068] ok 2026500842749309267
[1691/3068] ok 2026719180284666046
[1692/3068] ok 2026886404551356701
[1693/3068] ok 2027205652511445019
[1694/3068] ok 2027207033083289649
[1695/3068] ok 2027207449418276908
[1696/3068] ok 2027269165363388867
[1697/3068] ok 2027281779846160563
[1698/3068] ok 2027283588631183700
[1699/3068] ok 2027289433477918756
[1700/3068] ok 2027292213538111985
[1701/3068] ok 2027304652447137895
[1702/3068] ok 2027328888444260752
[1703/3068] ok 2027339787900715396
[1704/3068] ok 2027340930974441521
[1705/3068] ok 2027344421969371266
[1706/3068] ok 2027345355277295670
[1707/3068] ok 2027380026119950409
[1708/3068] ok 2027392256706224233
[1709/3068] ok 2027392360003379419
[1710/3068] ok 2027417421087412431
--- saved checkpoint: 1657 parents total ---
[1711/3068] ok 2027418534913917425
[1712/3068] ok 2027419969068450268
[1713/3068] ok 2027421728775762154
[1714/3068] ok 2027530291573887115
[1715/3068] ok 2027567952904786430
[1716/3068] ok 2027568344937713918
[1717/3068] ok 2027840174856483324
[1718/3068] ok 2028099202912534837
[1719/3068] ok 2028103713605505102
[1720/3068] ok 2028164141492375620
[1721/3068] ok 2028182717301493777
[1722/3068] ok 2028208538053718123
[1723/3068] ok 2028316738945978685
[1724/3068] ok 2028319913711157558
[1725/3068] ok 2028321318371025406
[1726/3068] ok 2028323200984096948
[1727/3068] ok 2028378331436233169
[1728/3068] ok 2028404687896981786
[1729/3068] ok 2028471295403303180
[1730/3068] ok 2028472027628057046
[1731/3068] ok 2028518331691434461
[1732/3068] ok 2028524027116208193
[1733/3068] ok 2028591829768429913
[1734/3068] ok 2028606474763563241
[1735/3068] ok 2028634722310693291
[1736/3068] ok 2028644527095849050
[1737/3068] ok 2028665452726206846
[1738/3068] ok 2028679089650041069
[1739/3068] none 2028679586561626367
[1740/3068] ok 2028687137701351605
[1741/3068] ok 2028691500654100563
[1742/3068] ok 2028703645882364401
[1743/3068] ok 2028814246163959909
2026-09-04 12:27:11.892 | INFO     | twscrape.accounts_pool:get_for_queue_or_wait:362 - No account available for queue "TweetDetail". Next available at 12:38:57
2026-09-04 12:38:58.639 | INFO     | twscrape.accounts_pool:get_for_queue_or_wait:333 - Continuing with account tinygrad_adhoc on queue TweetDetail
[1744/3068] ok 2028814495619907880
[1745/3068] ok 2028816266740297906
[1746/3068] ok 2028852228786966721
[1747/3068] ok 2028853337962246238
[1748/3068] ok 2028854026406891710
[1749/3068] ok 2028879833699057851
[1750/3068] ok 2028889347794047071
[1751/3068] ok 2028978767616503863
[1752/3068] ok 2029039668961177863
[1753/3068] ok 2029059545616818611
[1754/3068] ok 2029111711547179372
[1755/3068] ok 2029112327216480572
--- saved checkpoint: 1701 parents total ---
[1756/3068] ok 2029113274806194316
[1757/3068] ok 2029114057131720835
[1758/3068] ok 2029198987061019124
[1759/3068] ok 2029203093900898701
[1760/3068] ok 2029220409858768930
[1761/3068] ok 2029292002714460253
[1762/3068] ok 2029358669817671803
[1763/3068] ok 2029377686033055899
[1764/3068] ok 2029380800169267292
[1765/3068] ok 2029392894797251044
[1766/3068] ok 2029439794829509025
[1767/3068] ok 2029752787400282292
[1768/3068] ok 2029760913662955572
[1769/3068] ok 2029771424727212040
[1770/3068] ok 2029772707567706300
[1771/3068] ok 2029803123792040441
[1772/3068] ok 2029838883169661386
[1773/3068] ok 2029841254817869897
[1774/3068] ok 2029862943546892545
[1775/3068] ok 2030110688140743012
[1776/3068] ok 2030127787047276878
[1777/3068] ok 2030130293751873756
[1778/3068] ok 2030299783714500935
[1779/3068] ok 2030300384678269227
[1780/3068] ok 2030302400175644985
[1781/3068] ok 2030303100444017075
[1782/3068] ok 2030304044313702874
[1783/3068] ok 2030306793369243938
[1784/3068] ok 2030308882803769377
[1785/3068] ok 2030309092254695873
[1786/3068] ok 2030312003835928600
[1787/3068] ok 2030312829354414413
[1788/3068] ok 2030313202995875914
[1789/3068] ok 2030314447978258711
[1790/3068] none 2030324439544746065
[1791/3068] ok 2030342063678693610
[1792/3068] ok 2030354392881434879
[1793/3068] ok 2030370276635017353
[1794/3068] ok 2030615594144502149
[1795/3068] ok 2030616427183714766
[1796/3068] ok 2030616797037384165
[1797/3068] ok 2030617106606338529
[1798/3068] ok 2030617464669970776
[1799/3068] ok 2030620620510380294
[1800/3068] ok 2030627070485954824
--- saved checkpoint: 1745 parents total ---
[1801/3068] ok 2030825335663788106
[1802/3068] ok 2030855329261711685
[1803/3068] ok 2030856698152514017
[1804/3068] ok 2030859233265373312
[1805/3068] ok 2030863501665923231
[1806/3068] ok 2030871735537664381
[1807/3068] ok 2030874281849286716
[1808/3068] ok 2030891147611242634
[1809/3068] ok 2030910116204278180
[1810/3068] ok 2030920909746258320
[1811/3068] ok 2030931808368603263
[1812/3068] ok 2030932356996177987
[1813/3068] ok 2030938518080610522
[1814/3068] ok 2030976968640909552
[1815/3068] ok 2030987585842188461
[1816/3068] ok 2031001427301286236
[1817/3068] ok 2031003273734258937
[1818/3068] ok 2031007365361770828
[1819/3068] ok 2031037438551019966
[1820/3068] ok 2031202527082119548
[1821/3068] ok 2031203933289398777
[1822/3068] ok 2031245769584553987
[1823/3068] ok 2031263928055943392
[1824/3068] ok 2031310831976329308
[1825/3068] ok 2031312666036146460
[1826/3068] ok 2031316430117876207
[1827/3068] ok 2031316541959028964
[1828/3068] none 2031319502147756435
[1829/3068] ok 2031319756343517267
[1830/3068] ok 2031321152820547953
[1831/3068] ok 2031322273806713103
[1832/3068] ok 2031322352848613680
[1833/3068] ok 2031322477364727899
[1834/3068] ok 2031322566799806689
[1835/3068] ok 2031326120273129706
[1836/3068] ok 2031327422549831727
[1837/3068] ok 2031328038554841346
[1838/3068] ok 2031330204317012473
[1839/3068] ok 2031331681127498030
[1840/3068] ok 2031335400485302549
[1841/3068] ok 2031337003044815004
[1842/3068] ok 2031363260226695237
[1843/3068] ok 2031370835286798636
[1844/3068] ok 2031377771713216762
[1845/3068] ok 2031378019445522472
--- saved checkpoint: 1789 parents total ---
[1846/3068] ok 2031380159048331277
[1847/3068] ok 2031383073628303499
[1848/3068] ok 2031385145861878068
[1849/3068] ok 2031385455359610887
[1850/3068] ok 2031385474569298095
[1851/3068] ok 2031390873414484151
[1852/3068] ok 2031391043216879887
[1853/3068] ok 2031529605484654905
[1854/3068] ok 2031530485109698868
[1855/3068] ok 2031534274856288356
[1856/3068] none 2031863287584080263
[1857/3068] ok 2032429289443053705
[1858/3068] ok 2032433360480481357
[1859/3068] ok 2032436039667658929
[1860/3068] ok 2032442027988627768
[1861/3068] none 2032450090833490321
[1862/3068] ok 2032672233240539337
[1863/3068] ok 2032683156030300373
[1864/3068] ok 2032686750896894346
[1865/3068] ok 2032688433001300452
[1866/3068] ok 2032688784689766690
[1867/3068] ok 2032691922733547890
[1868/3068] ok 2033749281744818477
[1869/3068] ok 2033802563187863986
[1870/3068] ok 2033827813351166257
[1871/3068] ok 2033866439787221163
[1872/3068] ok 2033871420292239529
[1873/3068] ok 2033871630678569062
[1874/3068] ok 2033874088590983641
[1875/3068] ok 2033875748113813626
[1876/3068] ok 2033951512037085681
[1877/3068] ok 2033956739951767614
[1878/3068] ok 2033999716762194113
[1879/3068] ok 2034435534764818874
[1880/3068] ok 2034567728523358230
[1881/3068] ok 2034568371467907393
[1882/3068] ok 2034568890790129708
[1883/3068] ok 2034569834428809279
[1884/3068] ok 2034570850414768481
[1885/3068] ok 2034582073521136046
[1886/3068] ok 2034583561127551241
[1887/3068] ok 2034584386411327710
[1888/3068] ok 2034628727246667859
[1889/3068] ok 2034912319256330729
[1890/3068] ok 2034961218138710105
--- saved checkpoint: 1832 parents total ---
[1891/3068] ok 2035063708854989180
[1892/3068] ok 2035266734228480415
2026-09-04 12:42:16.639 | INFO     | twscrape.accounts_pool:get_for_queue_or_wait:362 - No account available for queue "TweetDetail". Next available at 12:53:58
2026-09-04 12:54:03.351 | INFO     | twscrape.accounts_pool:get_for_queue_or_wait:333 - Continuing with account tinygrad_adhoc on queue TweetDetail
[1893/3068] ok 2035274160046580175
[1894/3068] ok 2035283563353141752
[1895/3068] ok 2035293086709072086
[1896/3068] ok 2035293592646996163
[1897/3068] ok 2035294250741772458
[1898/3068] ok 2035295938974228546
[1899/3068] ok 2035296981850185792
[1900/3068] ok 2035302645028540453
[1901/3068] ok 2035315567473606937
[1902/3068] ok 2035323293499293876
[1903/3068] ok 2035532731422036310
[1904/3068] ok 2035750538822787424
[1905/3068] ok 2035909185557475603
[1906/3068] ok 2035911090069025000
[1907/3068] ok 2035926643361939764
[1908/3068] ok 2035956654475501669
[1909/3068] ok 2035976685762613585
[1910/3068] ok 2036005260586873129
[1911/3068] ok 2036011743256662467
[1912/3068] ok 2036023795497238564
[1913/3068] ok 2036024095499059320
[1914/3068] ok 2036024665781731409
[1915/3068] ok 2036026424025387056
[1916/3068] ok 2036027129742438872
[1917/3068] ok 2036028687628276098
[1918/3068] ok 2036057209831076299
[1919/3068] ok 2036061524406514112
[1920/3068] ok 2036113312069673157
[1921/3068] ok 2036121359038783695
[1922/3068] ok 2036122541329191061
[1923/3068] ok 2036123453007470630
[1924/3068] ok 2036124478883692937
[1925/3068] ok 2036125632275571012
[1926/3068] ok 2036126306891375089
[1927/3068] ok 2036265666953482296
[1928/3068] ok 2036348869064425732
[1929/3068] ok 2036349547920892361
[1930/3068] ok 2036350458780881255
[1931/3068] ok 2036351564902715607
[1932/3068] ok 2036351571752046926
[1933/3068] ok 2036351603398287600
[1934/3068] ok 2036353116493562034
[1935/3068] ok 2036354539708645610
--- saved checkpoint: 1877 parents total ---
[1936/3068] ok 2036355213020504141
[1937/3068] ok 2036404551541002254
[1938/3068] ok 2036428874364670303
[1939/3068] ok 2036435156450369674
[1940/3068] ok 2036435983139504233
[1941/3068] ok 2036455570199171579
[1942/3068] ok 2036567606711251184
[1943/3068] ok 2036575897600622903
[1944/3068] ok 2036645956339339751
[1945/3068] ok 2036656655174447295
[1946/3068] ok 2036659874889973883
[1947/3068] ok 2036663295042621551
[1948/3068] ok 2036680882652926437
[1949/3068] ok 2036698305313579216
[1950/3068] ok 2036708645371527339
[1951/3068] ok 2036730003694756016
[1952/3068] ok 2036747765506818347
[1953/3068] ok 2036748268831707226
[1954/3068] ok 2036750298870612092
[1955/3068] ok 2036765393633579047
[1956/3068] ok 2036776762420646292
[1957/3068] ok 2036776924694110303
[1958/3068] ok 2036780477328101380
[1959/3068] ok 2036783923347456312
[1960/3068] ok 2036894454188007742
[1961/3068] ok 2036968122448834568
[1962/3068] ok 2036968614671376503
[1963/3068] ok 2036969948938199332
[1964/3068] ok 2036971557600325669
[1965/3068] ok 2037104404604576199
[1966/3068] ok 2037499494695346198
[1967/3068] ok 2037518354143924515
[1968/3068] ok 2037528091522929069
[1969/3068] ok 2037531917197639725
[1970/3068] ok 2037726025548017802
[1971/3068] ok 2037736162044055590
[1972/3068] ok 2038172545783070751
[1973/3068] ok 2038396676470104178
[1974/3068] ok 2038678263846092915
[1975/3068] ok 2038684013754491094
[1976/3068] ok 2038979948132614380
[1977/3068] ok 2038988516818841993
[1978/3068] ok 2039116488213188814
[1979/3068] ok 2039184383366615090
[1980/3068] ok 2039190198379049153
--- saved checkpoint: 1922 parents total ---
[1981/3068] ok 2039199465060659705
[1982/3068] ok 2039201072083083705
[1983/3068] ok 2039201365562401035
[1984/3068] ok 2039201713152999558
[1985/3068] ok 2039202347801272698
[1986/3068] ok 2039204156410667448
[1987/3068] ok 2039204874202886287
[1988/3068] ok 2039205160405344724
[1989/3068] ok 2039206202606076401
[1990/3068] ok 2039213719155310736
[1991/3068] ok 2039213965549650418
[1992/3068] ok 2039214215479849382
[1993/3068] ok 2039216405153771897
[1994/3068] ok 2039219123620598200
[1995/3068] ok 2039219232089465177
[1996/3068] ok 2039219714191499732
[1997/3068] ok 2039220367202631872
[1998/3068] ok 2039220491081449645
[1999/3068] ok 2039222898401890564
[2000/3068] ok 2039225388887650565
[2001/3068] ok 2039225868187582810
[2002/3068] ok 2039227347094626588
[2003/3068] ok 2039227571406348613
[2004/3068] ok 2039237149468369236
[2005/3068] ok 2039237968960118833
[2006/3068] ok 2039238951735816278
[2007/3068] ok 2039239991402885456
[2008/3068] ok 2039241645011398776
[2009/3068] ok 2039242694233305460
[2010/3068] ok 2039244748054315244
[2011/3068] ok 2039251368071029160
[2012/3068] ok 2039252419205345754
[2013/3068] ok 2039253248029159486
[2014/3068] ok 2039255763236040878
[2015/3068] ok 2039258241687748936
[2016/3068] ok 2039258674376708536
[2017/3068] ok 2039259111498592287
[2018/3068] ok 2039268526943355194
[2019/3068] ok 2039269280219631640
[2020/3068] ok 2039271291547697258
[2021/3068] ok 2039273301156257853
[2022/3068] ok 2039273382555025584
[2023/3068] ok 2039341996947476937
[2024/3068] ok 2039527272932090344
[2025/3068] ok 2039546561164951975
--- saved checkpoint: 1967 parents total ---
[2026/3068] ok 2039547600274346398
[2027/3068] ok 2039552090867958098
[2028/3068] ok 2039553132183830704
[2029/3068] ok 2039553550959743449
[2030/3068] none 2039554055010460098
[2031/3068] ok 2039555658312220842
[2032/3068] ok 2039572013606666624
[2033/3068] ok 2039679830799909043
[2034/3068] ok 2040087749332529556
[2035/3068] ok 2040289229289513264
[2036/3068] ok 2040289863405351285
[2037/3068] ok 2040290341727969619
[2038/3068] ok 2040290818154799425
[2039/3068] ok 2040292793676169381
[2040/3068] ok 2040296136226021633
[2041/3068] ok 2040297155819176085
2026-09-04 12:57:16.327 | INFO     | twscrape.accounts_pool:get_for_queue_or_wait:362 - No account available for queue "TweetDetail". Next available at 13:09:03
2026-09-04 13:09:08.086 | INFO     | twscrape.accounts_pool:get_for_queue_or_wait:333 - Continuing with account tinygrad_adhoc on queue TweetDetail
[2042/3068] ok 2040524402987532454
[2043/3068] ok 2040762370868281391
[2044/3068] ok 2040921174411219395
[2045/3068] ok 2040922672880623635
[2046/3068] ok 2040923916223565887
[2047/3068] ok 2040924190757326909
[2048/3068] ok 2040924776315965893
[2049/3068] ok 2040929655998365698
[2050/3068] ok 2040930664925860203
[2051/3068] ok 2040931321296695368
[2052/3068] ok 2040931620249567379
[2053/3068] ok 2040944508402360592
[2054/3068] ok 2040946316080247134
[2055/3068] ok 2040946704628015312
[2056/3068] ok 2040948625472159833
[2057/3068] ok 2040950659793752555
[2058/3068] ok 2040958327627125120
[2059/3068] ok 2040959054315474954
[2060/3068] ok 2040965451606286779
[2061/3068] ok 2040965748756222284
[2062/3068] ok 2040988020849975778
[2063/3068] ok 2040993881995780120
[2064/3068] ok 2040996386473447919
[2065/3068] ok 2041012752139878474
[2066/3068] ok 2041042845063385239
[2067/3068] ok 2041053183754023217
[2068/3068] ok 2041135184615985318
[2069/3068] ok 2041174959960076310
[2070/3068] ok 2041186433747054908
--- saved checkpoint: 2011 parents total ---
[2071/3068] ok 2041260579558404185
[2072/3068] ok 2041308718885675364
[2073/3068] ok 2041322169595297999
[2074/3068] ok 2041328655100768616
[2075/3068] ok 2041397922940801170
[2076/3068] ok 2041399919085547891
[2077/3068] ok 2041400991363551742
[2078/3068] ok 2041417577121849395
[2079/3068] ok 2041418218623914045
[2080/3068] ok 2041434586056741120
[2081/3068] ok 2041438112241611036
[2082/3068] ok 2041438740430631016
[2083/3068] ok 2041451109865361834
[2084/3068] ok 2041548758647701799
[2085/3068] ok 2041563502968762499
[2086/3068] ok 2041574053941760110
[2087/3068] ok 2041576333411766446
[2088/3068] ok 2041689493514940540
[2089/3068] ok 2041694937293713881
[2090/3068] ok 2041704859884572939
[2091/3068] ok 2041729982221971712
[2092/3068] ok 2041735358996746505
[2093/3068] ok 2041737694896697822
[2094/3068] ok 2041759142038131115
[2095/3068] ok 2041779348479381761
[2096/3068] ok 2041818251848716518
[2097/3068] ok 2041821353116852552
[2098/3068] ok 2041823326516183362
[2099/3068] ok 2042226419309097236
[2100/3068] ok 2042343701742305361
[2101/3068] ok 2042484193876459945
[2102/3068] ok 2042497853545943166
[2103/3068] ok 2042508740319117328
[2104/3068] none 2042514387739508878
[2105/3068] ok 2042521442294583303
[2106/3068] ok 2042738954550603884
[2107/3068] ok 2042742413098450998
[2108/3068] ok 2042910348009943051
[2109/3068] ok 2042919649726378013
[2110/3068] ok 2042928200100278491
[2111/3068] ok 2042939405602857231
[2112/3068] ok 2043173287371362363
[2113/3068] ok 2043474115948949757
[2114/3068] ok 2043475750800531566
[2115/3068] ok 2043573044065820673
--- saved checkpoint: 2055 parents total ---
[2116/3068] ok 2043599581884404080
[2117/3068] ok 2043600082239631497
[2118/3068] ok 2043601617203900642
[2119/3068] ok 2043602211561689365
[2120/3068] ok 2043605928100941876
[2121/3068] ok 2043606575286522198
[2122/3068] ok 2043606953814020422
[2123/3068] ok 2043608730474803634
[2124/3068] ok 2043679854093353295
[2125/3068] ok 2043681539461161247
[2126/3068] ok 2044315118583066738
[2127/3068] ok 2044340577563816394
[2128/3068] ok 2044343618077352036
[2129/3068] ok 2044344795619893363
[2130/3068] ok 2044347244036472907
[2131/3068] ok 2044378134774943838
[2132/3068] ok 2044638023598440714
[2133/3068] ok 2044641332514242897
[2134/3068] ok 2044764213252653198
[2135/3068] ok 2044767331381817625
[2136/3068] ok 2044784868010401990
[2137/3068] ok 2044813180975583447
[2138/3068] ok 2044814929388032251
[2139/3068] ok 2044833023682896134
[2140/3068] ok 2044833025708765449
[2141/3068] ok 2044863673814917175
[2142/3068] ok 2044977063598379445
[2143/3068] ok 2044989627707355314
[2144/3068] ok 2044990915530629288
[2145/3068] ok 2045002025340182976
[2146/3068] ok 2045003161954300072
[2147/3068] ok 2045031770513629429
[2148/3068] ok 2045083020382941254
[2149/3068] ok 2045087541250978119
[2150/3068] ok 2045095800334946366
[2151/3068] ok 2045101249222308190
[2152/3068] ok 2045108308923781224
[2153/3068] ok 2045778906121380091
[2154/3068] ok 2046050182887084153
[2155/3068] ok 2046051043079836020
[2156/3068] ok 2046061423449485365
[2157/3068] ok 2046071934413373927
[2158/3068] ok 2046088192718168160
[2159/3068] ok 2046089405622813110
[2160/3068] ok 2046093375728738809
--- saved checkpoint: 2100 parents total ---
[2161/3068] ok 2046292254109897090
[2162/3068] ok 2046294537862291766
[2163/3068] ok 2046622235104891138
[2164/3068] ok 2046769549035397125
[2165/3068] ok 2046814668803723607
[2166/3068] ok 2046815021552791670
[2167/3068] ok 2046815468753977421
[2168/3068] ok 2046817255585882451
[2169/3068] ok 2046817982534324431
[2170/3068] ok 2046822844240372114
[2171/3068] ok 2046823868862750869
[2172/3068] ok 2046832184309207071
[2173/3068] ok 2046973311977230768
[2174/3068] ok 2046981921809260971
[2175/3068] ok 2046982467354083493
[2176/3068] ok 2046983304788824084
[2177/3068] ok 2046983645487923470
[2178/3068] ok 2046987546526458167
[2179/3068] ok 2047181122614984883
[2180/3068] ok 2047184911107248593
[2181/3068] ok 2047594076510339094
[2182/3068] ok 2047595948566798634
[2183/3068] ok 2047597609930686741
[2184/3068] ok 2047598883820405225
[2185/3068] ok 2047601473434055160
[2186/3068] ok 2047603434711364062
[2187/3068] ok 2049279736287744154
[2188/3068] ok 2049603384496562418
[2189/3068] ok 2049659059599749549
[2190/3068] ok 2049660826873991570
2026-09-04 13:12:22.359 | INFO     | twscrape.accounts_pool:get_for_queue_or_wait:362 - No account available for queue "TweetDetail". Next available at 13:24:08
2026-09-04 13:24:14.037 | INFO     | twscrape.accounts_pool:get_for_queue_or_wait:333 - Continuing with account tinygrad_adhoc on queue TweetDetail
[2191/3068] ok 2049892397203759216
[2192/3068] ok 2049893851783966735
[2193/3068] ok 2049896210778169587
[2194/3068] ok 2049900481124946252
[2195/3068] ok 2049908826204422399
[2196/3068] ok 2049910364653928832
[2197/3068] ok 2050061531404964050
[2198/3068] ok 2051400745216352506
[2199/3068] ok 2051426944106049851
[2200/3068] ok 2051497029785014544
[2201/3068] ok 2051662165007114457
[2202/3068] ok 2051664332610789704
[2203/3068] ok 2051665192048857234
[2204/3068] ok 2051670264031965514
[2205/3068] ok 2051678884807258303
--- saved checkpoint: 2145 parents total ---
[2206/3068] ok 2051679449134023024
[2207/3068] ok 2051686405487624207
[2208/3068] ok 2051694529942630873
[2209/3068] ok 2051710904367210644
[2210/3068] ok 2051711816871641140
[2211/3068] ok 2051712655891771517
[2212/3068] ok 2051714907184460206
[2213/3068] ok 2051716886761734486
[2214/3068] ok 2051717451142799413
[2215/3068] ok 2051717727291920785
[2216/3068] ok 2051717940978794571
[2217/3068] ok 2051722693314269258
[2218/3068] ok 2051731382708158548
[2219/3068] none 2052065128577720689
[2220/3068] ok 2052403904139169940
[2221/3068] ok 2052568176060506621
[2222/3068] ok 2052570644789813641
[2223/3068] ok 2052570763572478227
[2224/3068] ok 2052574583778431451
[2225/3068] ok 2052574627956719942
[2226/3068] ok 2052574910183297210
[2227/3068] none 2052576251714392434
[2228/3068] ok 2052576262007521735
[2229/3068] ok 2052576429351846249
[2230/3068] ok 2052576551879987479
[2231/3068] ok 2052577282221318154
[2232/3068] ok 2052577617807884315
[2233/3068] ok 2052577633708478855
[2234/3068] ok 2052577827447595048
[2235/3068] ok 2052587751841919344
[2236/3068] ok 2052638057611087886
[2237/3068] ok 2052639768413147626
[2238/3068] ok 2052796708338512343
[2239/3068] ok 2052797366558920900
[2240/3068] ok 2052801190182981794
[2241/3068] ok 2052805302962274556
[2242/3068] ok 2052811168691941377
[2243/3068] ok 2052812620403482925
[2244/3068] ok 2052814497816125557
[2245/3068] ok 2052826902981943429
[2246/3068] ok 2052849041222816067
[2247/3068] ok 2052850154550485327
[2248/3068] ok 2052896621760004602
[2249/3068] none 2052940497329811532
[2250/3068] ok 2053159533862908019
--- saved checkpoint: 2187 parents total ---
[2251/3068] ok 2053187880256967088
[2252/3068] ok 2053188522316816477
[2253/3068] ok 2053188543137116570
[2254/3068] ok 2053188725967065095
[2255/3068] ok 2053188811908087821
[2256/3068] ok 2053189034487189819
[2257/3068] ok 2053189422846542234
[2258/3068] ok 2053189580367503579
[2259/3068] ok 2053190738783895881
[2260/3068] ok 2053190908997210226
[2261/3068] ok 2053191009899794449
[2262/3068] ok 2053191410237804593
[2263/3068] ok 2053191662311190877
[2264/3068] ok 2053192097532952985
[2265/3068] ok 2053192705572814942
[2266/3068] ok 2053193080858202175
[2267/3068] ok 2053194295361060905
[2268/3068] ok 2053194566375997925
[2269/3068] ok 2053195083650883691
[2270/3068] ok 2053197589202268179
[2271/3068] ok 2053197911920726525
[2272/3068] ok 2053198275034120237
[2273/3068] ok 2053200826987151551
[2274/3068] none 2053200908977328564
[2275/3068] ok 2053202278589579736
[2276/3068] ok 2053227909981061626
[2277/3068] none 2053485834805121221
[2278/3068] ok 2053594963221614631
[2279/3068] ok 2053595089788645392
[2280/3068] ok 2053596316832346530
[2281/3068] ok 2053598678401548563
[2282/3068] ok 2053896191990005958
[2283/3068] ok 2053988377163161699
[2284/3068] ok 2054266046312591368
[2285/3068] ok 2054269807139115109
[2286/3068] ok 2054282224246444041
2026-09-04 13:26:13.961 | WARNING  | twscrape.models:_parse_card:713 - Unknown card type '2586390716:message_me' on https://x.com/GlobalCoinHub/status/2079512810736976324
[2287/3068] ok 2054298967865967056
[2288/3068] ok 2054300556899094671
[2289/3068] ok 2054301144445280362
[2290/3068] ok 2054303204368589204
[2291/3068] ok 2054303317996847204
[2292/3068] ok 2054304308351353287
[2293/3068] ok 2054305542026547487
[2294/3068] ok 2054306085742477505
[2295/3068] ok 2054307458575953942
--- saved checkpoint: 2230 parents total ---
[2296/3068] ok 2054311353318547815
[2297/3068] ok 2054311694206160913
[2298/3068] ok 2054316562966827138
[2299/3068] ok 2054317096725791070
[2300/3068] ok 2054318968685658582
[2301/3068] ok 2054319859996180654
[2302/3068] ok 2054320592862757080
[2303/3068] ok 2054322775276523736
[2304/3068] ok 2054324092409671706
[2305/3068] ok 2054367855622131738
[2306/3068] ok 2054597158549254145
[2307/3068] ok 2054598433814847761
[2308/3068] ok 2054600812064907604
[2309/3068] ok 2054601769305653503
[2310/3068] ok 2054604304703705558
[2311/3068] ok 2054605226968068335
[2312/3068] ok 2054606567610466372
[2313/3068] ok 2054987444664377374
[2314/3068] ok 2055030317271101863
[2315/3068] ok 2055037824018112568
[2316/3068] ok 2055295934393987197
[2317/3068] ok 2055363727013347492
[2318/3068] ok 2055368075864633747
[2319/3068] ok 2055380239711457578
[2320/3068] ok 2056264069569794352
[2321/3068] ok 2056272363612942717
[2322/3068] ok 2056347064636698734
[2323/3068] ok 2056348432613200087
[2324/3068] ok 2056378425363898751
[2325/3068] ok 2056409033301443064
[2326/3068] ok 2056409581136269651
[2327/3068] ok 2056414628784336913
[2328/3068] ok 2056419403449913758
[2329/3068] ok 2056438413306294657
[2330/3068] ok 2056442648102367496
[2331/3068] ok 2056461417843196236
[2332/3068] ok 2056461723293376930
[2333/3068] ok 2056521980241903921
[2334/3068] ok 2056522938992763039
[2335/3068] ok 2056525800544018870
[2336/3068] ok 2056526062079852939
[2337/3068] ok 2056526390665867327
[2338/3068] ok 2056544405239042119
[2339/3068] ok 2056548098944709052
2026-09-04 13:27:20.818 | INFO     | twscrape.accounts_pool:get_for_queue_or_wait:362 - No account available for queue "TweetDetail". Next available at 13:39:14
2026-09-04 13:39:17.539 | INFO     | twscrape.accounts_pool:get_for_queue_or_wait:333 - Continuing with account tinygrad_adhoc on queue TweetDetail
[2340/3068] ok 2056550378196660638
--- saved checkpoint: 2275 parents total ---
[2341/3068] ok 2056554250205794516
[2342/3068] ok 2056556381227172298
[2343/3068] ok 2056558051629363659
[2344/3068] ok 2056588350392549453
[2345/3068] ok 2056619445716463939
[2346/3068] ok 2056677887529336948
[2347/3068] ok 2056753169888334312
[2348/3068] ok 2056824750668997097
[2349/3068] ok 2056825674938417171
[2350/3068] ok 2056826036336439442
[2351/3068] ok 2056827288742715898
[2352/3068] ok 2056827441579171949
[2353/3068] ok 2056905041660031048
[2354/3068] none 2057199924056617316
[2355/3068] ok 2057218997503086888
[2356/3068] ok 2057496422103286225
[2357/3068] none 2057502027039551821
[2358/3068] ok 2057516400189780423
[2359/3068] ok 2057516858174251057
[2360/3068] ok 2057517201968738608
[2361/3068] ok 2057519629291974918
[2362/3068] ok 2057520633563505058
[2363/3068] ok 2057524154329350587
[2364/3068] ok 2057535097537233243
[2365/3068] ok 2057546066283659318
[2366/3068] ok 2057554925962342568
[2367/3068] ok 2057558202137661600
[2368/3068] ok 2057563872580583539
[2369/3068] ok 2058371706360848575
[2370/3068] ok 2058372715938201867
[2371/3068] ok 2060064595465912434
[2372/3068] ok 2060067370337779899
[2373/3068] none 2060073428271730751
[2374/3068] ok 2060090449960796545
[2375/3068] ok 2060115883088109899
[2376/3068] ok 2060124323591885299
[2377/3068] ok 2060474442191409209
[2378/3068] ok 2060478727277179116
[2379/3068] ok 2060582473789256150
[2380/3068] ok 2061235021491408964
[2381/3068] ok 2061284372192358539
[2382/3068] ok 2061399330955624587
[2383/3068] ok 2061617157897912370
[2384/3068] ok 2062137295893823617
[2385/3068] ok 2062568862479208923
--- saved checkpoint: 2317 parents total ---
[2386/3068] ok 2062680309624459461
[2387/3068] ok 2063111140050182255
[2388/3068] ok 2064399902684139852
[2389/3068] ok 2064404993193754830
[2390/3068] ok 2064427800199884855
[2391/3068] ok 2064558884870902071
[2392/3068] ok 2064576347079672180
[2393/3068] ok 2064744343743922189
[2394/3068] ok 2064756801837695254
[2395/3068] ok 2064760856861147168
[2396/3068] ok 2064791196602695938
[2397/3068] ok 2064803297064788247
[2398/3068] ok 2064808682110480669
[2399/3068] ok 2065135531285962832
[2400/3068] ok 2065218495810593273
[2401/3068] ok 2065219195781202391
[2402/3068] ok 2065454074711900262
[2403/3068] ok 2065471897656299700
[2404/3068] ok 2065472323424260259
[2405/3068] ok 2065474353160917050
[2406/3068] ok 2065597531644743999
[2407/3068] ok 2065601391117361553
[2408/3068] ok 2065611222351839571
[2409/3068] ok 2065618378090250302
[2410/3068] ok 2065643299839553854
[2411/3068] ok 2065658849772929045
[2412/3068] ok 2066182223213293753
[2413/3068] ok 2066234772519874569
[2414/3068] ok 2066307749550637085
[2415/3068] ok 2066314000896561332
[2416/3068] ok 2066314502673715224
[2417/3068] ok 2066314612845453802
[2418/3068] ok 2066317066047782998
[2419/3068] ok 2066495063811645588
[2420/3068] ok 2066526405949575420
[2421/3068] ok 2066581990250553734
[2422/3068] ok 2066653293410193647
[2423/3068] ok 2066686166884098244
[2424/3068] ok 2066852204229607616
[2425/3068] ok 2066880262668247091
[2426/3068] ok 2066919273390604648
[2427/3068] ok 2066922237643674013
[2428/3068] ok 2066930235149561869
[2429/3068] ok 2066991051844272494
[2430/3068] ok 2067046036921618707
--- saved checkpoint: 2362 parents total ---
[2431/3068] ok 2067264684676493709
[2432/3068] ok 2067339660905365935
[2433/3068] ok 2067674633286148119
[2434/3068] ok 2067688675148706090
[2435/3068] ok 2067816148775956952
[2436/3068] ok 2068027383236677746
[2437/3068] ok 2068030303944548571
[2438/3068] ok 2068030728038703271
[2439/3068] ok 2068035229324062804
[2440/3068] ok 2068036035682922601
[2441/3068] ok 2068038405087449208
[2442/3068] ok 2068041270409470049
[2443/3068] ok 2068042310131363913
[2444/3068] ok 2068042617028264392
[2445/3068] ok 2068053858203414921
[2446/3068] ok 2068105802448347196
[2447/3068] ok 2068118253633737077
[2448/3068] ok 2068124377561112718
[2449/3068] ok 2068125007532986697
[2450/3068] ok 2068126211457651001
[2451/3068] ok 2068127750620168308
[2452/3068] ok 2068130678466879828
[2453/3068] ok 2068141816185053665
[2454/3068] ok 2068195943057670622
[2455/3068] ok 2068375119345664417
[2456/3068] ok 2068383600370766105
[2457/3068] ok 2068390491784348092
[2458/3068] ok 2068391809496309779
[2459/3068] ok 2068443171156377851
[2460/3068] ok 2068455048015925470
[2461/3068] ok 2068462790663442494
[2462/3068] ok 2068467205315219822
[2463/3068] ok 2068486597243556262
[2464/3068] ok 2068785949333455230
[2465/3068] ok 2068967945242587168
[2466/3068] ok 2069121360744550796
[2467/3068] ok 2069129434729472182
[2468/3068] ok 2069473056485978533
[2469/3068] ok 2069486455110644051
[2470/3068] ok 2069899144966312043
[2471/3068] ok 2069905889948287172
[2472/3068] ok 2069906907691626841
[2473/3068] ok 2069908188519084189
[2474/3068] ok 2069908957557354800
[2475/3068] ok 2069909321652322384
--- saved checkpoint: 2407 parents total ---
[2476/3068] ok 2069971792433750269
[2477/3068] ok 2070134863370567864
[2478/3068] ok 2070449082599108664
[2479/3068] ok 2070487575018786899
[2480/3068] ok 2070493424961147055
[2481/3068] ok 2070526515268223283
[2482/3068] ok 2070552532863053892
[2483/3068] ok 2070555272230384038
[2484/3068] ok 2070557314558660625
[2485/3068] ok 2070562181385441660
[2486/3068] ok 2070580544270655820
[2487/3068] ok 2070585720834572288
[2488/3068] ok 2070589443891658970
2026-09-04 13:43:09.734 | INFO     | twscrape.accounts_pool:get_for_queue_or_wait:362 - No account available for queue "TweetDetail". Next available at 13:54:17
2026-09-04 13:54:21.367 | INFO     | twscrape.accounts_pool:get_for_queue_or_wait:333 - Continuing with account tinygrad_adhoc on queue TweetDetail
[2489/3068] ok 2070664770416754775
[2490/3068] ok 2070669189451485502
[2491/3068] ok 2070670479057162286
[2492/3068] ok 2070672293362086370
[2493/3068] ok 2070674972234617318
[2494/3068] ok 2070675897934594354
[2495/3068] ok 2070676886464946548
[2496/3068] ok 2070677025493340271
[2497/3068] ok 2070678742318412188
[2498/3068] ok 2070679340145352969
[2499/3068] ok 2070680540681007525
[2500/3068] ok 2070681135676633360
[2501/3068] ok 2070689036428288202
[2502/3068] ok 2070918006033817867
[2503/3068] ok 2070944048068862391
[2504/3068] ok 2070944692599243037
[2505/3068] ok 2070945507820638692
[2506/3068] ok 2070945973707166064
[2507/3068] ok 2070947900440682879
[2508/3068] ok 2070950612154663113
[2509/3068] ok 2070951097959670256
[2510/3068] ok 2070951182957470138
[2511/3068] ok 2070951904742637977
[2512/3068] ok 2070952332745904303
[2513/3068] ok 2070970074769559838
[2514/3068] ok 2071005642211356773
[2515/3068] ok 2071119908075618548
[2516/3068] ok 2071125947512959320
[2517/3068] ok 2071163323996070093
[2518/3068] ok 2071242431752749209
[2519/3068] ok 2071275603928432696
[2520/3068] ok 2071296320829333525
--- saved checkpoint: 2452 parents total ---
[2521/3068] ok 2071298535354753343
[2522/3068] ok 2071298882169131121
[2523/3068] ok 2071299608698048904
[2524/3068] ok 2071300435273752696
[2525/3068] ok 2071301758215934316
[2526/3068] ok 2071303792403136572
[2527/3068] ok 2071304958612582461
[2528/3068] ok 2071309464901505353
[2529/3068] ok 2071316419954827666
[2530/3068] ok 2071385784154759468
[2531/3068] ok 2071591755351224344
[2532/3068] ok 2071794012798034006
[2533/3068] ok 2071865549584261341
[2534/3068] ok 2071882455385301388
[2535/3068] ok 2071951200568971275
[2536/3068] ok 2071972062202343590
[2537/3068] ok 2071972101486166017
[2538/3068] ok 2071972119932796940
[2539/3068] ok 2071974600548958480
[2540/3068] ok 2071989667969294497
[2541/3068] ok 2071990699222860231
[2542/3068] ok 2071992110132117740
[2543/3068] ok 2072012139959849166
[2544/3068] ok 2072035889296113689
[2545/3068] ok 2072039913483383264
[2546/3068] ok 2072042356220834083
[2547/3068] ok 2072044017794121947
[2548/3068] ok 2072044738241532140
[2549/3068] ok 2072053273729929354
[2550/3068] ok 2072055220016980212
[2551/3068] ok 2072061140943921550
[2552/3068] ok 2072091861473431605
[2553/3068] ok 2072092226448994804
[2554/3068] ok 2072092934611341403
[2555/3068] ok 2072094451938333137
[2556/3068] ok 2072096993200287950
[2557/3068] ok 2072097487125459004
[2558/3068] ok 2072166186607947998
[2559/3068] ok 2072224534158311681
[2560/3068] ok 2072224867672633441
[2561/3068] ok 2072231578311278692
[2562/3068] ok 2072232952856018967
[2563/3068] ok 2072238195878907997
[2564/3068] ok 2072238736709194129
[2565/3068] ok 2072239982044151951
--- saved checkpoint: 2497 parents total ---
[2566/3068] ok 2072240455060988000
[2567/3068] ok 2072243519809548564
[2568/3068] ok 2072244075500367921
[2569/3068] ok 2072250196088561974
[2570/3068] ok 2072250828598194372
[2571/3068] ok 2072252722275889327
[2572/3068] ok 2072254974919168490
[2573/3068] ok 2072255635429929165
[2574/3068] ok 2072348638911824154
[2575/3068] ok 2072351538228703598
[2576/3068] ok 2072373207831900515
[2577/3068] ok 2072639080173813838
[2578/3068] ok 2072760843935322530
[2579/3068] ok 2072761617469866495
[2580/3068] ok 2072762493307666770
[2581/3068] ok 2072769675658731692
[2582/3068] ok 2072775402272276687
[2583/3068] ok 2072791401759224006
[2584/3068] ok 2072798353679921368
[2585/3068] ok 2072798920871432220
[2586/3068] ok 2072806856603615426
[2587/3068] ok 2072993583221629351
[2588/3068] ok 2073102858074140859
[2589/3068] ok 2073103198806851872
[2590/3068] ok 2073103363093279124
[2591/3068] ok 2073103709828259986
[2592/3068] ok 2073119766282145854
[2593/3068] ok 2073124119730593856
[2594/3068] ok 2073138020421951924
[2595/3068] ok 2074206866641752190
[2596/3068] ok 2074207367130996969
[2597/3068] ok 2074248758422864226
[2598/3068] ok 2074307862386659415
[2599/3068] ok 2074309448814707097
[2600/3068] ok 2074443936865960205
[2601/3068] ok 2074469695693234666
[2602/3068] ok 2074473870778613915
[2603/3068] ok 2074477539251376369
[2604/3068] ok 2074497401578996154
[2605/3068] ok 2074514895144616205
[2606/3068] ok 2074516390619296070
[2607/3068] ok 2074518342656807196
[2608/3068] ok 2074530369466962064
[2609/3068] ok 2074547579644236033
[2610/3068] ok 2074548242386178258
--- saved checkpoint: 2542 parents total ---
[2611/3068] ok 2074555752229056744
[2612/3068] ok 2074559905672155303
[2613/3068] ok 2074561275087008222
[2614/3068] ok 2074571361809530897
[2615/3068] ok 2074577564006519020
[2616/3068] ok 2074618890861056439
[2617/3068] ok 2074646663227224081
[2618/3068] ok 2074653441448947771
[2619/3068] ok 2074655596381708773
[2620/3068] ok 2074665484994416645
[2621/3068] ok 2074665971768496288
[2622/3068] ok 2074667285466546449
[2623/3068] ok 2074709023807664454
[2624/3068] ok 2074889702381953222
[2625/3068] ok 2074911038286295049
[2626/3068] ok 2074959842486395004
[2627/3068] ok 2075017936767516760
[2628/3068] ok 2075029591442506221
[2629/3068] ok 2075032500280164702
[2630/3068] ok 2075033541474410930
[2631/3068] ok 2075035024798167501
[2632/3068] ok 2075044480554590607
[2633/3068] ok 2075084277373448703
[2634/3068] ok 2075096683491230017
[2635/3068] ok 2075224900298568085
[2636/3068] ok 2075225682133631077
[2637/3068] ok 2075226324772548949
2026-09-04 13:58:00.192 | INFO     | twscrape.accounts_pool:get_for_queue_or_wait:362 - No account available for queue "TweetDetail". Next available at 14:09:21
2026-09-04 14:09:26.828 | INFO     | twscrape.accounts_pool:get_for_queue_or_wait:333 - Continuing with account tinygrad_adhoc on queue TweetDetail
[2638/3068] ok 2075226476211773763
[2639/3068] ok 2075226774137438566
[2640/3068] ok 2075228230949470526
[2641/3068] ok 2075229127716610095
[2642/3068] ok 2075230670574756107
[2643/3068] ok 2075231105616388413
[2644/3068] ok 2075233028209787115
[2645/3068] ok 2075234316024488390
[2646/3068] ok 2075236785643200711
[2647/3068] ok 2075237660797571089
[2648/3068] ok 2075243614884524091
[2649/3068] ok 2075247306505359415
[2650/3068] ok 2075250379487662193
[2651/3068] ok 2075251618728292464
[2652/3068] ok 2075264014234591407
[2653/3068] ok 2075264881570582850
[2654/3068] ok 2075265508505436378
[2655/3068] ok 2075266368933650610
--- saved checkpoint: 2587 parents total ---
[2656/3068] ok 2075266693329231937
[2657/3068] ok 2075267416687571032
[2658/3068] ok 2075271914864443758
[2659/3068] ok 2075316346406207554
[2660/3068] ok 2075317896474185845
[2661/3068] ok 2075319152533758431
[2662/3068] none 2075319404187759037
[2663/3068] none 2075321075844481217
[2664/3068] ok 2075402558722695671
[2665/3068] ok 2075512151783972925
[2666/3068] ok 2076006214257852704
[2667/3068] ok 2076351399999557669
[2668/3068] ok 2076375095879270586
[2669/3068] ok 2076385180445552934
[2670/3068] ok 2076391655901397401
[2671/3068] ok 2076405949192155635
[2672/3068] ok 2076424660791721988
[2673/3068] ok 2076550043759255887
[2674/3068] ok 2076589370132296141
[2675/3068] ok 2076852655314645190
[2676/3068] ok 2076855585262485649
[2677/3068] ok 2077162193616011690
[2678/3068] ok 2077454609551921208
[2679/3068] ok 2077457056861417688
[2680/3068] ok 2077457679874986143
[2681/3068] ok 2077462292934140378
[2682/3068] ok 2077467618894557642
[2683/3068] ok 2077475226078605586
[2684/3068] ok 2077568665961263274
[2685/3068] ok 2077570407842906504
[2686/3068] ok 2077570748340998157
[2687/3068] ok 2077570975458099532
[2688/3068] ok 2077572988233281630
[2689/3068] ok 2077778272583389493
[2690/3068] ok 2077779368638644333
[2691/3068] ok 2077804413251354698
[2692/3068] ok 2077817060068057493
[2693/3068] ok 2077833027292393958
[2694/3068] ok 2077834684197908558
[2695/3068] ok 2077884105929392614
[2696/3068] ok 2077886076912308273
[2697/3068] ok 2077965252524724279
[2698/3068] ok 2078000156142952475
[2699/3068] ok 2078020322326884406
[2700/3068] ok 2078028192456097961
--- saved checkpoint: 2630 parents total ---
[2701/3068] ok 2078133895766114412
[2702/3068] ok 2078152019626562047
[2703/3068] ok 2078154462430949792
[2704/3068] ok 2078154990020112859
[2705/3068] ok 2078155738157891760
[2706/3068] ok 2078156055259877638
[2707/3068] ok 2078239768459030811
[2708/3068] ok 2078294024239169639
[2709/3068] ok 2078302415804379218
[2710/3068] none 2078507146342191236
[2711/3068] ok 2078511173759324328
[2712/3068] ok 2078567941117710645
[2713/3068] ok 2078570148899029146
[2714/3068] ok 2078570888346349771
[2715/3068] ok 2078571607124308044
[2716/3068] ok 2078571707351355837
[2717/3068] ok 2078573698379030806
[2718/3068] ok 2078576567723463161
[2719/3068] ok 2078584118934446536
[2720/3068] ok 2078584352179421582
[2721/3068] ok 2078584770028835031
[2722/3068] none 2078584794737156201
[2723/3068] ok 2078585940360991052
[2724/3068] ok 2078586517501423684
[2725/3068] ok 2078587622692118907
[2726/3068] ok 2078589985272258910
[2727/3068] ok 2078598425202028601
[2728/3068] ok 2079457219892871458
[2729/3068] ok 2079509100535197892
[2730/3068] ok 2079581740822397272
[2731/3068] ok 2079588449729102138
[2732/3068] ok 2079590984946790784
[2733/3068] ok 2079595004830552233
[2734/3068] ok 2079596481489588518
[2735/3068] ok 2079614638724129171
[2736/3068] ok 2079636209996099964
[2737/3068] ok 2079642210618769782
[2738/3068] ok 2079661007551816154
[2739/3068] ok 2079661868805677498
[2740/3068] ok 2079663312263078281
[2741/3068] ok 2079664341595443440
[2742/3068] ok 2079711539955957913
[2743/3068] ok 2079933645888880708
[2744/3068] ok 2080011575960727622
[2745/3068] ok 2080643682408321103
--- saved checkpoint: 2673 parents total ---
[2746/3068] ok 2080661080230314018
[2747/3068] ok 2080685762107085308
[2748/3068] ok 2080696123103338954
[2749/3068] ok 2080736095621599330
[2750/3068] none 2080763852740788437
[2751/3068] none 2080786414258798646
[2752/3068] none 2081200604568011060
[2753/3068] ok 2081419033749131752
[2754/3068] ok 2081419972908351614
[2755/3068] ok 2081450874539540790
[2756/3068] ok 2081484506935300346
[2757/3068] ok 2081485619318956136
[2758/3068] ok 2081769924683538747
[2759/3068] ok 2081775301475066258
[2760/3068] ok 2081793554377314484
[2761/3068] ok 2081896955152630081
[2762/3068] ok 2081904420954996745
[2763/3068] ok 2082190873970741278
[2764/3068] ok 2082191679038292309
[2765/3068] ok 2082206953044885602
[2766/3068] ok 2082208694142730340
[2767/3068] ok 2082220010509107585
[2768/3068] ok 2082221397149909257
[2769/3068] ok 2082222467116830739
[2770/3068] ok 2082228994653696371
[2771/3068] ok 2082232837969781097
[2772/3068] ok 2082241449412767965
[2773/3068] ok 2082241682452672942
[2774/3068] ok 2082308696051208590
[2775/3068] ok 2082340105508077917
[2776/3068] ok 2082341852246868324
[2777/3068] ok 2082482937908564051
[2778/3068] ok 2082486881904668905
[2779/3068] ok 2082488859166695911
[2780/3068] ok 2082623815545434615
[2781/3068] ok 2082624621442937290
[2782/3068] ok 2082855323967389747
[2783/3068] ok 2082863182989975655
[2784/3068] ok 2082868479334723838
[2785/3068] ok 2082874127661023542
[2786/3068] ok 2082876860900532569
2026-09-04 14:13:07.162 | INFO     | twscrape.accounts_pool:get_for_queue_or_wait:362 - No account available for queue "TweetDetail". Next available at 14:24:27
2026-09-04 14:24:28.816 | INFO     | twscrape.accounts_pool:get_for_queue_or_wait:333 - Continuing with account tinygrad_adhoc on queue TweetDetail
[2787/3068] ok 2082877930435420546
[2788/3068] ok 2082883851358179545
[2789/3068] ok 2082884639409180720
[2790/3068] ok 2082895681077788933
--- saved checkpoint: 2715 parents total ---
[2791/3068] ok 2082929188668153915
[2792/3068] ok 2082929882045039096
[2793/3068] ok 2082930235964874779
[2794/3068] ok 2082932397709086783
[2795/3068] ok 2082932530567893138
[2796/3068] ok 2083027487706243376
[2797/3068] ok 2083031536647983603
[2798/3068] ok 2083040745636716793
[2799/3068] ok 2083058941022572827
[2800/3068] ok 2083063473953538093
[2801/3068] ok 2083069000712368246
[2802/3068] ok 2083070420157419962
[2803/3068] ok 2083071601667662060
[2804/3068] ok 2083122291743826258
[2805/3068] ok 2083199708772884769
[2806/3068] ok 2083199873822970273
[2807/3068] ok 2083201715717931009
[2808/3068] ok 2083204212180017522
[2809/3068] ok 2083204244736479384
[2810/3068] ok 2083452143319896210
[2811/3068] ok 2083452879004983494
[2812/3068] ok 2083454705767002574
[2813/3068] ok 2083461266073350591
[2814/3068] ok 2083608464673386787
[2815/3068] ok 2083611251758842143
[2816/3068] ok 2083623813112037680
[2817/3068] ok 2083628684938985964
[2818/3068] ok 2083654040634941585
[2819/3068] ok 2083654883543244905
[2820/3068] ok 2083713770065637511
[2821/3068] ok 2083864019870634151
[2822/3068] ok 2084378276538257622
[2823/3068] ok 2084426613866090503
[2824/3068] ok 2084427161746719108
[2825/3068] ok 2084659312740430239
[2826/3068] ok 2084669024592335222
[2827/3068] ok 2084669743144014243
[2828/3068] ok 2084671052009869394
[2829/3068] ok 2084672355683696972
[2830/3068] none 2084688922727121168
[2831/3068] ok 2084699306767106248
[2832/3068] none 2084739205071343837
[2833/3068] ok 2084749618446062006
[2834/3068] ok 2084794965356650938
[2835/3068] ok 2085414570961871245
--- saved checkpoint: 2758 parents total ---
[2836/3068] ok 2085416905301774445
[2837/3068] ok 2085417247762178205
[2838/3068] ok 2085422451882934404
[2839/3068] ok 2086849354942595427
[2840/3068] ok 2086896454376006026
[2841/3068] ok 2086911904895922675
[2842/3068] ok 2086937527995208087
[2843/3068] ok 2086942790198452687
[2844/3068] ok 2087593117428167112
[2845/3068] ok 2087594252234617237
[2846/3068] ok 2087595050460942684
[2847/3068] ok 2087597412164501871
[2848/3068] ok 2087599677692956766
[2849/3068] ok 2087601273218699337
[2850/3068] ok 2087610271183343959
[2851/3068] ok 2087667206993961342
[2852/3068] ok 2087676205898055833
[2853/3068] ok 2087695123220185421
[2854/3068] ok 2087918737563464111
[2855/3068] ok 2088020665723138063
[2856/3068] ok 2088021528072040642
[2857/3068] ok 2088038154930622910
[2858/3068] ok 2088038779814830302
[2859/3068] ok 2088132965922476159
[2860/3068] ok 2088511307037438353
[2861/3068] ok 2088608123061997910
[2862/3068] ok 2088708787452477778
[2863/3068] ok 2088709414978978141
[2864/3068] ok 2088710319447121948
[2865/3068] ok 2088743139263885535
[2866/3068] ok 2088764671771943271
[2867/3068] ok 2089117348200366552
[2868/3068] ok 2089363361444376747
[2869/3068] ok 2089367130013642871
[2870/3068] ok 2089378739813556367
[2871/3068] ok 2089475910726828248
[2872/3068] ok 2089476488764813658
[2873/3068] ok 2089477669301985776
[2874/3068] ok 2089551269375717509
[2875/3068] ok 2089600956673753598
[2876/3068] ok 2089669954056356169
[2877/3068] ok 2089675540412182594
[2878/3068] ok 2089728025554464844
[2879/3068] ok 2089729087732605282
[2880/3068] ok 2089729561173110998
--- saved checkpoint: 2803 parents total ---
[2881/3068] ok 2089731814747517324
[2882/3068] ok 2089732014744478176
[2883/3068] ok 2089732423387107481
[2884/3068] ok 2089733340895248602
[2885/3068] ok 2089736778618212478
[2886/3068] ok 2089736844690837544
[2887/3068] ok 2089737593529192720
[2888/3068] ok 2089749936770634118
[2889/3068] ok 2089755170188255393
[2890/3068] ok 2089757051304247537
[2891/3068] ok 2089759018093072642
[2892/3068] ok 2089759578380706246
[2893/3068] ok 2089759852193341746
[2894/3068] ok 2089760176966639742
[2895/3068] ok 2089760880989016163
[2896/3068] ok 2089760952036278776
[2897/3068] ok 2089761300025159831
[2898/3068] ok 2089761573002957051
[2899/3068] ok 2089762590578901069
[2900/3068] ok 2089763500226941300
[2901/3068] ok 2089763579037909501
[2902/3068] ok 2089764566775583074
[2903/3068] ok 2089764888076050437
[2904/3068] ok 2089767383435272434
[2905/3068] ok 2089768333927174330
[2906/3068] ok 2089769045713113584
[2907/3068] ok 2089772832347820113
[2908/3068] ok 2089774365399499077
[2909/3068] ok 2089774789460431219
[2910/3068] ok 2089776920984711515
[2911/3068] ok 2089777150220259776
[2912/3068] ok 2089777240301056085
[2913/3068] ok 2089777960576520414
[2914/3068] ok 2089791183010615632
[2915/3068] ok 2089793497943728278
[2916/3068] ok 2089794033095000216
[2917/3068] ok 2089795643875131898
[2918/3068] ok 2089810811229450657
[2919/3068] ok 2089811426344939934
[2920/3068] ok 2089812543170920517
[2921/3068] ok 2089813156877009008
[2922/3068] ok 2089813654686601280
[2923/3068] ok 2089815748617077164
[2924/3068] ok 2089817844771135597
[2925/3068] ok 2089819214479548448
--- saved checkpoint: 2848 parents total ---
[2926/3068] ok 2089827256302813293
[2927/3068] ok 2089834844696015289
[2928/3068] ok 2089835773965283501
[2929/3068] ok 2089837344966967660
[2930/3068] ok 2089838216337633320
[2931/3068] ok 2089839168965005825
[2932/3068] ok 2089841108574736593
[2933/3068] ok 2089844755853128108
[2934/3068] ok 2089902227242819989
[2935/3068] ok 2089920355477672181
2026-09-04 14:27:56.722 | INFO     | twscrape.accounts_pool:get_for_queue_or_wait:362 - No account available for queue "TweetDetail". Next available at 14:39:29
2026-09-04 14:39:33.403 | INFO     | twscrape.accounts_pool:get_for_queue_or_wait:333 - Continuing with account tinygrad_adhoc on queue TweetDetail
[2936/3068] ok 2089966961795232238
[2937/3068] ok 2090076609747251644
[2938/3068] ok 2090127323970560227
[2939/3068] ok 2090128368393916695
[2940/3068] ok 2090138774537740409
[2941/3068] ok 2090255211785073008
[2942/3068] ok 2090259091960586277
[2943/3068] ok 2090277911618293895
2026-09-04 14:39:47.145 | WARNING  | twscrape.models:_parse_card:713 - Unknown card type '2586390716:message_me' on https://x.com/boardyai/status/2090287865335070793
[2944/3068] ok 2090287730605355069
[2945/3068] ok 2090473757756522930
[2946/3068] ok 2090475826013724808
[2947/3068] ok 2090478383818047849
[2948/3068] ok 2090482838017859804
[2949/3068] ok 2090483446447784038
[2950/3068] ok 2090489343953482146
[2951/3068] ok 2090489471934279820
[2952/3068] ok 2090491857499467875
[2953/3068] ok 2090495880898220537
[2954/3068] ok 2090497858416095727
[2955/3068] ok 2090498303381459047
[2956/3068] ok 2090499319753580614
[2957/3068] ok 2090501189830131900
[2958/3068] ok 2090501443748798603
[2959/3068] ok 2090502524738703664
[2960/3068] ok 2090502820533354795
[2961/3068] ok 2090502977442439448
[2962/3068] ok 2090503227632435690
[2963/3068] ok 2090503597889073174
[2964/3068] ok 2090503819381629065
[2965/3068] ok 2090560834841809333
[2966/3068] none 2090766599095496932
[2967/3068] ok 2090821387460227325
[2968/3068] ok 2090822932197171488
[2969/3068] ok 2090823653663678489
[2970/3068] ok 2090828052792246471
--- saved checkpoint: 2892 parents total ---
[2971/3068] ok 2090830951777738763
[2972/3068] ok 2090876467165217172
[2973/3068] ok 2090904299429876144
[2974/3068] ok 2090946254704689184
[2975/3068] ok 2090978727014637957
[2976/3068] ok 2091178635071787295
[2977/3068] ok 2091612885860680052
[2978/3068] ok 2091615188613218458
[2979/3068] ok 2091616255140872490
[2980/3068] ok 2091649741872607401
[2981/3068] ok 2091771807229718746
[2982/3068] ok 2091777056153710960
[2983/3068] ok 2091779316283736196
[2984/3068] ok 2091780673371787589
[2985/3068] ok 2091781936788500954
[2986/3068] ok 2091782466415849820
[2987/3068] ok 2091794783253483833
[2988/3068] ok 2092000566905888955
[2989/3068] ok 2092009332380709348
[2990/3068] ok 2092011233025429511
[2991/3068] ok 2092011530292433221
[2992/3068] ok 2092011918085202155
[2993/3068] ok 2092015203219050889
[2994/3068] ok 2092088551944929510
[2995/3068] ok 2092134461047820410
[2996/3068] ok 2092136737606619498
[2997/3068] ok 2092289621107585298
[2998/3068] ok 2092292809269358945
[2999/3068] ok 2092315262653784176
[3000/3068] ok 2092317730234081286
[3001/3068] ok 2092319979387724051
[3002/3068] ok 2092320476093612424
[3003/3068] ok 2092321124470104561
[3004/3068] ok 2092321485784502691
[3005/3068] ok 2092321653170880994
[3006/3068] ok 2092322630502105143
[3007/3068] ok 2092324074915602901
[3008/3068] ok 2092442726474371169
[3009/3068] ok 2092444252387352596
[3010/3068] ok 2092444926118379941
[3011/3068] ok 2092445271339016529
[3012/3068] ok 2092445698709217516
[3013/3068] ok 2092633939076956224
[3014/3068] ok 2092691861773160673
[3015/3068] ok 2092814169263218860
--- saved checkpoint: 2937 parents total ---
[3016/3068] ok 2093038343307059343
[3017/3068] ok 2093042350427881973
[3018/3068] ok 2093050035122610207
[3019/3068] ok 2093051346207617078
[3020/3068] ok 2093069233571942510
[3021/3068] ok 2093071650501587322
[3022/3068] ok 2093072647861235854
[3023/3068] ok 2093073066826015122
[3024/3068] ok 2093073222627459276
[3025/3068] ok 2093074632450674991
[3026/3068] ok 2093080192919228578
[3027/3068] ok 2093080588177539525
[3028/3068] ok 2093095628205097052
[3029/3068] ok 2093103975897952660
[3030/3068] ok 2093104764489998419
[3031/3068] ok 2093105291017720044
[3032/3068] ok 2093203745425522774
[3033/3068] ok 2093211668700700812
[3034/3068] ok 2093354097122455713
[3035/3068] ok 2093356483496800311
[3036/3068] ok 2093360186308153841
[3037/3068] ok 2093374004296093781
[3038/3068] ok 2093377599712133136
[3039/3068] ok 2093387679144759683
[3040/3068] ok 2093389278625616024
[3041/3068] ok 2093395028009783735
[3042/3068] ok 2094093182166565132
[3043/3068] ok 2094093533841899743
[3044/3068] ok 2094819654946771157
[3045/3068] ok 2094822153929834955
[3046/3068] ok 2094825764588032115
[3047/3068] ok 2094826678438535328
[3048/3068] ok 2094827247387787480
[3049/3068] ok 2094829450709873074
[3050/3068] ok 2095192239836115444
[3051/3068] ok 2095219790658916482
[3052/3068] ok 2095221661289381955
[3053/3068] ok 2095233393587863959
[3054/3068] ok 2095488470936633457
[3055/3068] ok 2095492710119698844
[3056/3068] ok 2095497351137734874
[3057/3068] ok 2095499251199468023
[3058/3068] ok 2095505294541693143
[3059/3068] ok 2095510383771709717
[3060/3068] ok 2095513285726548234
--- saved checkpoint: 2982 parents total ---
[3061/3068] ok 2095527226305290465
[3062/3068] ok 2095541502827233325
[3063/3068] ok 2095542398084415952
[3064/3068] ok 2095570579986481188
[3065/3068] ok 2095573885194481984
[3066/3068] ok 2095577363442729352
[3067/3068] ok 2095579544539546058
[3068/3068] ok 2095642379462058273
--- saved checkpoint: 2990 parents total ---
DONE: 2990 new parents fetched, 78 not found, 2990 total parents
